using,ram,screen,capacity,fre,core
421.7,3,6.22,3260,2,8
416.3,3,6.22,3260,2,8
402.1,3,6.22,3260,2,8
369.4,3,6.22,3260,2,8
385.2,3,6.22,3260,2,8
432.8,3,6.22,3260,2,8
416.6,3,6.22,3260,2,8
411.6,3,6.22,3260,2,8
387.6,3,6.22,3260,2,8
399.2,3,6.22,3260,2,8
416.5,3,6.22,3260,2,8
447.2,3,6.22,3260,2,8
436.1,3,6.22,3260,2,8
408.5,3,6.22,3260,2,8
425.8,3,6.22,3260,2,8
390.3,3,6.22,3260,2,8
437.6,3,6.22,3260,2,8
405.2,3,6.22,3260,2,8
385.6,3,6.22,3260,2,8
440.7,3,6.22,3260,2,8
439.5,3,6.22,3260,2,8
391.2,3,6.22,3260,2,8
431.8,3,6.22,3260,2,8
417.4,3,6.22,3260,2,8
452.8,3,6.22,3260,2,8
425.3,3,6.22,3260,2,8
392.6,3,6.22,3260,2,8
397.9,3,6.22,3260,2,8
428.5,3,6.22,3260,2,8
407.3,3,6.22,3260,2,8
405.1,3,6.22,3260,2,8
431.4,3,6.22,3260,2,8
408.3,3,6.22,3260,2,8
410.9,3,6.22,3260,2,8
398.1,3,6.22,3260,2,8
437.4,3,6.22,3260,2,8
413.9,3,6.22,3260,2,8
425.9,3,6.22,3260,2,8
445.8,3,6.22,3260,2,8
438.7,3,6.22,3260,2,8
443.6,3,6.22,3260,2,8
393.8,3,6.22,3260,2,8
417.5,3,6.22,3260,2,8
410.6,3,6.22,3260,2,8
425.6,3,6.22,3260,2,8
391.5,3,6.22,3260,2,8
428.7,3,6.22,3260,2,8
389.9,3,6.22,3260,2,8
430.6,3,6.22,3260,2,8
424.2,3,6.22,3260,2,8
436.8,3,6.22,3260,2,8
418.6,3,6.22,3260,2,8
436.7,3,6.22,3260,2,8
401.9,3,6.22,3260,2,8
435.4,3,6.22,3260,2,8
419.9,3,6.22,3260,2,8
422.5,3,6.22,3260,2,8
446.2,3,6.22,3260,2,8
399.7,3,6.22,3260,2,8
437.1,3,6.22,3260,2,8
425.4,3,6.22,3260,2,8
402.9,3,6.22,3260,2,8
434.2,3,6.22,3260,2,8
432.5,3,6.22,3260,2,8
442.3,3,6.22,3260,2,8
414.2,3,6.22,3260,2,8
396.7,3,6.22,3260,2,8
421.3,3,6.22,3260,2,8
443.9,3,6.22,3260,2,8
408.4,3,6.22,3260,2,8
418.8,3,6.22,3260,2,8
469.8,8,6.1,3800,2.86,8
476.5,8,6.1,3800,2.86,8
467.9,8,6.1,3800,2.86,8
424.7,8,6.1,3800,2.86,8
441.1,8,6.1,3800,2.86,8
487.5,8,6.1,3800,2.86,8
473.4,8,6.1,3800,2.86,8
471.4,8,6.1,3800,2.86,8
438.4,8,6.1,3800,2.86,8
450.3,8,6.1,3800,2.86,8
468.1,8,6.1,3800,2.86,8
494.6,8,6.1,3800,2.86,8
483.1,8,6.1,3800,2.86,8
455.8,8,6.1,3800,2.86,8
471.8,8,6.1,3800,2.86,8
443.6,8,6.1,3800,2.86,8
484.5,8,6.1,3800,2.86,8
459.8,8,6.1,3800,2.86,8
440.4,8,6.1,3800,2.86,8
487.3,8,6.1,3800,2.86,8
486.2,8,6.1,3800,2.86,8
444.7,8,6.1,3800,2.86,8
477.4,8,6.1,3800,2.86,8
464.2,8,6.1,3800,2.86,8
511.7,8,6.1,3800,2.86,8
482.5,8,6.1,3800,2.86,8
450.7,8,6.1,3800,2.86,8
456.1,8,6.1,3800,2.86,8
486.4,8,6.1,3800,2.86,8
464.6,8,6.1,3800,2.86,8
469.5,8,6.1,3800,2.86,8
457.6,8,6.1,3800,2.86,8
486.2,8,6.1,3800,2.86,8
461.7,8,6.1,3800,2.86,8
464.9,8,6.1,3800,2.86,8
452.9,8,6.1,3800,2.86,8
492.5,8,6.1,3800,2.86,8
468.4,8,6.1,3800,2.86,8
480.4,8,6.1,3800,2.86,8
498.3,8,6.1,3800,2.86,8
491.4,8,6.1,3800,2.86,8
496.6,8,6.1,3800,2.86,8
446.5,8,6.1,3800,2.86,8
470.6,8,6.1,3800,2.86,8
465.9,8,6.1,3800,2.86,8
480.6,8,6.1,3800,2.86,8
445.8,8,6.1,3800,2.86,8
481.7,8,6.1,3800,2.86,8
443.6,8,6.1,3800,2.86,8
481.7,8,6.1,3800,2.86,8
475.3,8,6.1,3800,2.86,8
487.8,8,6.1,3800,2.86,8
462.8,8,6.1,3800,2.86,8
498.6,8,6.1,3800,2.86,8
460.7,8,6.1,3800,2.86,8
497.1,8,6.1,3800,2.86,8
485.4,8,6.1,3800,2.86,8
462.0,8,6.1,3800,2.86,8
494.2,8,6.1,3800,2.86,8
461.0,8,6.1,3800,2.86,8
495.7,8,6.1,3800,2.86,8
489.2,8,6.1,3800,2.86,8
498.0,8,6.1,3800,2.86,8
477.7,8,6.1,3800,2.86,8
495.7,8,6.1,3800,2.86,8
457.3,8,6.1,3800,2.86,8
485.4,8,6.1,3800,2.86,8
478.4,8,6.1,3800,2.86,8
494.2,8,6.1,3800,2.86,8
481.7,8,6.1,3800,2.86,8
488.2,8,6.1,3800,2.86,8
669.8,3,6.09,4000,1.8,8
676.5,3,6.09,4000,1.8,8
667.9,3,6.09,4000,1.8,8
624.7,3,6.09,4000,1.8,8
641.1,3,6.09,4000,1.8,8
687.5,3,6.09,4000,1.8,8
673.4,3,6.09,4000,1.8,8
671.4,3,6.09,4000,1.8,8
638.4,3,6.09,4000,1.8,8
650.3,3,6.09,4000,1.8,8
668.1,3,6.09,4000,1.8,8
694.6,3,6.09,4000,1.8,8
683.1,3,6.09,4000,1.8,8
655.8,3,6.09,4000,1.8,8
671.8,3,6.09,4000,1.8,8
643.6,3,6.09,4000,1.8,8
684.5,3,6.09,4000,1.8,8
659.8,3,6.09,4000,1.8,8
640.4,3,6.09,4000,1.8,8
687.3,3,6.09,4000,1.8,8
686.2,3,6.09,4000,1.8,8
644.7,3,6.09,4000,1.8,8
677.4,3,6.09,4000,1.8,8
664.2,3,6.09,4000,1.8,8
711.7,3,6.09,4000,1.8,8
682.5,3,6.09,4000,1.8,8
650.7,3,6.09,4000,1.8,8
656.1,3,6.09,4000,1.8,8
686.4,3,6.09,4000,1.8,8
664.6,3,6.09,4000,1.8,8
669.5,3,6.09,4000,1.8,8
657.6,3,6.09,4000,1.8,8
686.2,3,6.09,4000,1.8,8
661.7,3,6.09,4000,1.8,8
664.9,3,6.09,4000,1.8,8
652.9,3,6.09,4000,1.8,8
692.5,3,6.09,4000,1.8,8
668.4,3,6.09,4000,1.8,8
680.4,3,6.09,4000,1.8,8
698.3,3,6.09,4000,1.8,8
691.4,3,6.09,4000,1.8,8
696.6,3,6.09,4000,1.8,8
646.5,3,6.09,4000,1.8,8
670.6,3,6.09,4000,1.8,8
665.9,3,6.09,4000,1.8,8
680.6,3,6.09,4000,1.8,8
645.8,3,6.09,4000,1.8,8
681.7,3,6.09,4000,1.8,8
643.6,3,6.09,4000,1.8,8
681.7,3,6.09,4000,1.8,8
675.3,3,6.09,4000,1.8,8
687.8,3,6.09,4000,1.8,8
662.8,3,6.09,4000,1.8,8
698.6,3,6.09,4000,1.8,8
660.7,3,6.09,4000,1.8,8
697.1,3,6.09,4000,1.8,8
685.4,3,6.09,4000,1.8,8
662.0,3,6.09,4000,1.8,8
694.2,3,6.09,4000,1.8,8
661.0,3,6.09,4000,1.8,8
695.7,3,6.09,4000,1.8,8
689.2,3,6.09,4000,1.8,8
698.0,3,6.09,4000,1.8,8
677.7,3,6.09,4000,1.8,8
695.7,3,6.09,4000,1.8,8
657.3,3,6.09,4000,1.8,8
685.4,3,6.09,4000,1.8,8
678.4,3,6.09,4000,1.8,8
694.2,3,6.09,4000,1.8,8
681.7,3,6.09,4000,1.8,8
688.2,3,6.09,4000,1.8,8
661.2,4,6.5,5000,2,8
629.8,4,6.5,5000,2,8
653.7,4,6.5,5000,2,8
654.5,4,6.5,5000,2,8
638.1,4,6.5,5000,2,8
650.3,4,6.5,5000,2,8
660.8,4,6.5,5000,2,8
645.6,4,6.5,5000,2,8
632.4,4,6.5,5000,2,8
663.1,4,6.5,5000,2,8
638.9,4,6.5,5000,2,8
667.0,4,6.5,5000,2,8
664.2,4,6.5,5000,2,8
633.7,4,6.5,5000,2,8
649.1,4,6.5,5000,2,8
646.7,4,6.5,5000,2,8
659.0,4,6.5,5000,2,8
662.4,4,6.5,5000,2,8
627.3,4,6.5,5000,2,8
664.5,4,6.5,5000,2,8
636.2,4,6.5,5000,2,8
650.7,4,6.5,5000,2,8
656.8,4,6.5,5000,2,8
635.8,4,6.5,5000,2,8
628.4,4,6.5,5000,2,8
667.5,4,6.5,5000,2,8
652.1,4,6.5,5000,2,8
651.0,4,6.5,5000,2,8
628.5,4,6.5,5000,2,8
666.2,4,6.5,5000,2,8
660.6,4,6.5,5000,2,8
646.3,4,6.5,5000,2,8
636.7,4,6.5,5000,2,8
640.4,4,6.5,5000,2,8
663.0,4,6.5,5000,2,8
665.3,4,6.5,5000,2,8
629.4,4,6.5,5000,2,8
658.6,4,6.5,5000,2,8
651.5,4,6.5,5000,2,8
640.2,4,6.5,5000,2,8
651.8,4,6.5,5000,2,8
638.7,4,6.5,5000,2,8
660.1,4,6.5,5000,2,8
642.9,4,6.5,5000,2,8
636.8,4,6.5,5000,2,8
664.9,4,6.5,5000,2,8
662.3,4,6.5,5000,2,8
658.5,4,6.5,5000,2,8
634.8,4,6.5,5000,2,8
648.2,4,6.5,5000,2,8
630.5,4,6.5,5000,2,8
651.9,4,6.5,5000,2,8
640.9,4,6.5,5000,2,8
657.2,4,6.5,5000,2,8
650.6,4,6.5,5000,2,8
649.2,4,6.5,5000,2,8
653.5,4,6.5,5000,2,8
641.4,4,6.5,5000,2,8
665.8,4,6.5,5000,2,8
665.9,4,6.5,5000,2,8
653.2,4,6.5,5000,2,8
649.0,4,6.5,5000,2,8
667.7,4,6.5,5000,2,8
655.7,4,6.5,5000,2,8
631.3,4,6.5,5000,2,8
661.4,4,6.5,5000,2,8
654.4,4,6.5,5000,2,8
670.2,4,6.5,5000,2,8
657.7,4,6.5,5000,2,8
664.2,4,6.5,5000,2,8
609.1,8,6.4,4000,2.2,8
638.3,8,6.4,4000,2.2,8
627.9,8,6.4,4000,2.2,8
623.2,8,6.4,4000,2.2,8
617.6,8,6.4,4000,2.2,8
604.5,8,6.4,4000,2.2,8
616.1,8,6.4,4000,2.2,8
621.4,8,6.4,4000,2.2,8
601.6,8,6.4,4000,2.2,8
633.5,8,6.4,4000,2.2,8
606.8,8,6.4,4000,2.2,8
628.3,8,6.4,4000,2.2,8
629.1,8,6.4,4000,2.2,8
602.7,8,6.4,4000,2.2,8
622.1,8,6.4,4000,2.2,8
621.4,8,6.4,4000,2.2,8
611.3,8,6.4,4000,2.2,8
616.8,8,6.4,4000,2.2,8
640.9,8,6.4,4000,2.2,8
621.0,8,6.4,4000,2.2,8
606.1,8,6.4,4000,2.2,8
627.7,8,6.4,4000,2.2,8
623.1,8,6.4,4000,2.2,8
603.3,8,6.4,4000,2.2,8
600.8,8,6.4,4000,2.2,8
637.5,8,6.4,4000,2.2,8
622.0,8,6.4,4000,2.2,8
621.3,8,6.4,4000,2.2,8
601.4,8,6.4,4000,2.2,8
632.4,8,6.4,4000,2.2,8
626.8,8,6.4,4000,2.2,8
612.5,8,6.4,4000,2.2,8
602.9,8,6.4,4000,2.2,8
605.6,8,6.4,4000,2.2,8
628.0,8,6.4,4000,2.2,8
629.3,8,6.4,4000,2.2,8
603.4,8,6.4,4000,2.2,8
619.6,8,6.4,4000,2.2,8
621.9,8,6.4,4000,2.2,8
602.2,8,6.4,4000,2.2,8
629.0,8,6.4,4000,2.2,8
603.8,8,6.4,4000,2.2,8
619.7,8,6.4,4000,2.2,8
625.0,8,6.4,4000,2.2,8
604.9,8,6.4,4000,2.2,8
630.1,8,6.4,4000,2.2,8
624.5,8,6.4,4000,2.2,8
623.9,8,6.4,4000,2.2,8
625.3,8,6.4,4000,2.2,8
617.7,8,6.4,4000,2.2,8
626.1,8,6.4,4000,2.2,8
619.4,8,6.4,4000,2.2,8
635.4,8,6.4,4000,2.2,8
622.0,8,6.4,4000,2.2,8
634.2,8,6.4,4000,2.2,8
622.5,8,6.4,4000,2.2,8
629.6,8,6.4,4000,2.2,8
619.0,8,6.4,4000,2.2,8
618.7,8,6.4,4000,2.2,8
634.9,8,6.4,4000,2.2,8
622.4,8,6.4,4000,2.2,8
624.5,8,6.4,4000,2.2,8
603.8,8,6.4,4000,2.2,8
632.2,8,6.4,4000,2.2,8
616.0,8,6.4,4000,2.2,8
637.4,8,6.4,4000,2.2,8
605.2,8,6.4,4000,2.2,8
633.0,8,6.4,4000,2.2,8
618.8,8,6.4,4000,2.2,8
637.1,8,6.4,4000,2.2,8
606.9,8,6.4,4000,2.2,8
617.5,8,6.4,4000,2.2,8
626.9,8,6.4,4000,2.2,8
625.5,8,6.4,4000,2.2,8
623.2,8,6.4,4000,2.2,8
617.2,8,6.4,4000,2.2,8
619.2,8,6.4,4000,2.2,8
624.9,8,6.4,4000,2.2,8
609.7,8,6.4,4000,2.2,8
610.7,8,6.4,4000,2.2,8
613.6,8,6.4,4000,2.2,8
632.6,8,6.4,4000,2.2,8
614.0,8,6.4,4000,2.2,8
625.2,8,6.4,4000,2.2,8
608.9,8,6.4,4000,2.2,8
610.3,8,6.4,4000,2.2,8
607.8,8,6.4,4000,2.2,8
633.9,8,6.4,4000,2.2,8
619.8,8,6.4,4000,2.2,8
616.1,8,6.4,4000,2.2,8
630.4,8,6.4,4000,2.2,8
632.3,8,6.4,4000,2.2,8
631.7,8,6.4,4000,2.2,8
628.2,8,6.4,4000,2.2,8
606.4,8,6.4,4000,2.2,8
603.7,8,6.4,4000,2.2,8
611.5,8,6.4,4000,2.2,8
617.3,8,6.4,4000,2.2,8
622.2,8,6.4,4000,2.2,8
631.2,8,6.4,4000,2.2,8
614.9,8,6.4,4000,2.2,8
628.5,8,6.4,4000,2.2,8
635.2,8,6.4,4000,2.2,8
631.1,8,6.4,4000,2.2,8
630.7,8,6.4,4000,2.2,8
626.4,8,6.4,4000,2.2,8
616.6,8,6.4,4000,2.2,8
622.7,8,6.4,4000,2.2,8
620.1,8,6.4,4000,2.2,8
613.1,8,6.4,4000,2.2,8
622.8,8,6.4,4000,2.2,8
614.7,8,6.4,4000,2.2,8
623.3,8,6.4,4000,2.2,8
626.5,8,6.4,4000,2.2,8
625.8,8,6.4,4000,2.2,8
606.7,8,6.4,4000,2.2,8
624.0,8,6.4,4000,2.2,8
615.3,8,6.4,4000,2.2,8
624.2,8,6.4,4000,2.2,8
631.5,8,6.4,4000,2.2,8
633.6,8,6.4,4000,2.2,8
611.9,8,6.4,4000,2.2,8
619.4,8,6.4,4000,2.2,8
605.9,8,6.4,4000,2.2,8
632.7,8,6.4,4000,2.2,8
611.3,8,6.4,4000,2.2,8
609.0,8,6.4,4000,2.2,8
616.2,8,6.4,4000,2.2,8
612.4,8,6.4,4000,2.2,8
627.0,8,6.4,4000,2.2,8
614.4,8,6.4,4000,2.2,8
626.8,8,6.4,4000,2.2,8
609.8,8,6.4,4000,2.2,8
610.8,8,6.4,4000,2.2,8
615.4,8,6.4,4000,2.2,8
629.9,8,6.4,4000,2.2,8
611.1,8,6.4,4000,2.2,8
622.4,8,6.4,4000,2.2,8
610.1,8,6.4,4000,2.2,8
614.8,8,6.4,4000,2.2,8
628.3,8,6.4,4000,2.2,8
631.0,8,6.4,4000,2.2,8
614.2,8,6.4,4000,2.2,8
624.6,8,6.4,4000,2.2,8
614.5,8,6.4,4000,2.2,8
617.1,8,6.4,4000,2.2,8
624.5,8,6.4,4000,2.2,8
626.3,8,6.4,4000,2.2,8
614.5,8,6.4,4000,2.2,8
617.7,8,6.4,4000,2.2,8
620.2,8,6.4,4000,2.2,8
624.5,8,6.4,4000,2.2,8
621.8,8,6.4,4000,2.2,8
628.0,8,6.4,4000,2.2,8
632.7,8,6.4,4000,2.2,8
619.9,8,6.4,4000,2.2,8
629.5,8,6.4,4000,2.2,8
654.5,8,6.4,4310,2.2,8
670.1,8,6.4,4310,2.2,8
662.0,8,6.4,4310,2.2,8
685.2,8,6.4,4310,2.2,8
659.7,8,6.4,4310,2.2,8
684.0,8,6.4,4310,2.2,8
651.8,8,6.4,4310,2.2,8
685.4,8,6.4,4310,2.2,8
663.3,8,6.4,4310,2.2,8
663.5,8,6.4,4310,2.2,8
695.0,8,6.4,4310,2.2,8
665.3,8,6.4,4310,2.2,8
652.2,8,6.4,4310,2.2,8
672.8,8,6.4,4310,2.2,8
683.6,8,6.4,4310,2.2,8
670.4,8,6.4,4310,2.2,8
673.9,8,6.4,4310,2.2,8
662.3,8,6.4,4310,2.2,8
673.1,8,6.4,4310,2.2,8
670.6,8,6.4,4310,2.2,8
657.4,8,6.4,4310,2.2,8
697.2,8,6.4,4310,2.2,8
693.1,8,6.4,4310,2.2,8
659.0,8,6.4,4310,2.2,8
651.6,8,6.4,4310,2.2,8
662.9,8,6.4,4310,2.2,8
661.5,8,6.4,4310,2.2,8
658.4,8,6.4,4310,2.2,8
695.8,8,6.4,4310,2.2,8
663.6,8,6.4,4310,2.2,8
672.7,8,6.4,4310,2.2,8
656.4,8,6.4,4310,2.2,8
665.1,8,6.4,4310,2.2,8
671.3,8,6.4,4310,2.2,8
674.5,8,6.4,4310,2.2,8
695.9,8,6.4,4310,2.2,8
666.3,8,6.4,4310,2.2,8
663.8,8,6.4,4310,2.2,8
667.4,8,6.4,4310,2.2,8
652.8,8,6.4,4310,2.2,8
664.7,8,6.4,4310,2.2,8
669.0,8,6.4,4310,2.2,8
682.5,8,6.4,4310,2.2,8
656.0,8,6.4,4310,2.2,8
695.4,8,6.4,4310,2.2,8
680.6,8,6.4,4310,2.2,8
689.3,8,6.4,4310,2.2,8
662.2,8,6.4,4310,2.2,8
678.1,8,6.4,4310,2.2,8
674.6,8,6.4,4310,2.2,8
658.2,8,6.4,4310,2.2,8
661.1,8,6.4,4310,2.2,8
676.5,8,6.4,4310,2.2,8
651.1,8,6.4,4310,2.2,8
670.7,8,6.4,4310,2.2,8
662.8,8,6.4,4310,2.2,8
653.3,8,6.4,4310,2.2,8
662.3,8,6.4,4310,2.2,8
667.5,8,6.4,4310,2.2,8
663.9,8,6.4,4310,2.2,8
653.5,8,6.4,4310,2.2,8
676.8,8,6.4,4310,2.2,8
675.1,8,6.4,4310,2.2,8
661.8,8,6.4,4310,2.2,8
664.9,8,6.4,4310,2.2,8
654.7,8,6.4,4310,2.2,8
661.9,8,6.4,4310,2.2,8
672.2,8,6.4,4310,2.2,8
656.2,8,6.4,4310,2.2,8
658.5,8,6.4,4310,2.2,8
679.4,8,6.4,4310,2.2,8
654.4,8,6.4,4310,2.2,8
655.1,8,6.4,4310,2.2,8
650.9,8,6.4,4310,2.2,8
678.8,8,6.4,4310,2.2,8
668.4,8,6.4,4310,2.2,8
670.2,8,6.4,4310,2.2,8
672.7,8,6.4,4310,2.2,8
651.4,8,6.4,4310,2.2,8
676.4,8,6.4,4310,2.2,8
673.1,8,6.4,4310,2.2,8
658.2,8,6.4,4310,2.2,8
678.3,8,6.4,4310,2.2,8
665.6,8,6.4,4310,2.2,8
668.2,8,6.4,4310,2.2,8
669.7,8,6.4,4310,2.2,8
669.3,8,6.4,4310,2.2,8
676.5,8,6.4,4310,2.2,8
662.3,8,6.4,4310,2.2,8
660.9,8,6.4,4310,2.2,8
665.0,8,6.4,4310,2.2,8
655.7,8,6.4,4310,2.2,8
676.6,8,6.4,4310,2.2,8
656.5,8,6.4,4310,2.2,8
671.1,8,6.4,4310,2.2,8
670.7,8,6.4,4310,2.2,8
654.8,8,6.4,4310,2.2,8
653.8,8,6.4,4310,2.2,8
673.5,8,6.4,4310,2.2,8
677.0,8,6.4,4310,2.2,8
662.6,8,6.4,4310,2.2,8
677.9,8,6.4,4310,2.2,8
673.3,8,6.4,4310,2.2,8
651.7,8,6.4,4310,2.2,8
678.5,8,6.4,4310,2.2,8
659.4,8,6.4,4310,2.2,8
667.1,8,6.4,4310,2.2,8
656.3,8,6.4,4310,2.2,8
657.3,8,6.4,4310,2.2,8
669.5,8,6.4,4310,2.2,8
651.9,8,6.4,4310,2.2,8
656.8,8,6.4,4310,2.2,8
670.4,8,6.4,4310,2.2,8
675.8,8,6.4,4310,2.2,8
668.2,8,6.4,4310,2.2,8
677.2,8,6.4,4310,2.2,8
652.2,8,6.4,4310,2.2,8
657.1,8,6.4,4310,2.2,8
652.5,8,6.4,4310,2.2,8
662.4,8,6.4,4310,2.2,8
656.7,8,6.4,4310,2.2,8
674.7,8,6.4,4310,2.2,8
651.4,8,6.4,4310,2.2,8
674.3,8,6.4,4310,2.2,8
665.3,8,6.4,4310,2.2,8
656.7,8,6.4,4310,2.2,8
661.5,8,6.4,4310,2.2,8
672.6,8,6.4,4310,2.2,8
672.0,8,6.4,4310,2.2,8
670.4,8,6.4,4310,2.2,8
674.3,8,6.4,4310,2.2,8
663.7,8,6.4,4310,2.2,8
420.1,4,6.5,5000,2,8
432.2,4,6.5,5000,2,8
443.5,4,6.5,5000,2,8
418.9,4,6.5,5000,2,8
431.0,4,6.5,5000,2,8
409.3,4,6.5,5000,2,8
404.7,4,6.5,5000,2,8
436.5,4,6.5,5000,2,8
423.6,4,6.5,5000,2,8
452.1,4,6.5,5000,2,8
406.8,4,6.5,5000,2,8
443.8,4,6.5,5000,2,8
426.7,4,6.5,5000,2,8
417.2,4,6.5,5000,2,8
416.4,4,6.5,5000,2,8
423.8,4,6.5,5000,2,8
436.2,4,6.5,5000,2,8
411.9,4,6.5,5000,2,8
428.4,4,6.5,5000,2,8
445.6,4,6.5,5000,2,8
408.7,4,6.5,5000,2,8
455.9,4,6.5,5000,2,8
444.3,4,6.5,5000,2,8
403.6,4,6.5,5000,2,8
429.8,4,6.5,5000,2,8
426.6,4,6.5,5000,2,8
450.7,4,6.5,5000,2,8
416.5,4,6.5,5000,2,8
407.8,4,6.5,5000,2,8
446.1,4,6.5,5000,2,8
423.9,4,6.5,5000,2,8
404.5,4,6.5,5000,2,8
454.2,4,6.5,5000,2,8
410.4,4,6.5,5000,2,8
418.6,4,6.5,5000,2,8
439.5,4,6.5,5000,2,8
432.3,4,6.5,5000,2,8
447.9,4,6.5,5000,2,8
419.7,4,6.5,5000,2,8
444.8,4,6.5,5000,2,8
439.3,4,6.5,5000,2,8
453.7,4,6.5,5000,2,8
416.3,4,6.5,5000,2,8
412.2,4,6.5,5000,2,8
409.5,4,6.5,5000,2,8
414.7,4,6.5,5000,2,8
448.5,4,6.5,5000,2,8
437.9,4,6.5,5000,2,8
434.1,4,6.5,5000,2,8
401.2,4,6.5,5000,2,8
450.3,4,6.5,5000,2,8
402.4,4,6.5,5000,2,8
419.2,4,6.5,5000,2,8
405.9,4,6.5,5000,2,8
407.4,4,6.5,5000,2,8
402.8,4,6.5,5000,2,8
437.2,4,6.5,5000,2,8
428.6,4,6.5,5000,2,8
409.0,4,6.5,5000,2,8
412.9,4,6.5,5000,2,8
445.9,4,6.5,5000,2,8
417.6,4,6.5,5000,2,8
447.4,4,6.5,5000,2,8
448.6,4,6.5,5000,2,8
403.9,4,6.5,5000,2,8
443.0,4,6.5,5000,2,8
428.9,4,6.5,5000,2,8
417.9,4,6.5,5000,2,8
446.9,4,6.5,5000,2,8
406.6,4,6.5,5000,2,8
417.0,4,6.5,5000,2,8
413.3,4,6.5,5000,2,8
437.1,4,6.5,5000,2,8
404.9,4,6.5,5000,2,8
434.4,4,6.5,5000,2,8
432.7,4,6.5,5000,2,8
413.8,4,6.5,5000,2,8
429.2,4,6.5,5000,2,8
437.4,4,6.5,5000,2,8
416.4,4,6.5,5000,2,8
407.6,4,6.5,5000,2,8
444.5,4,6.5,5000,2,8
419.1,4,6.5,5000,2,8
401.8,4,6.5,5000,2,8
409.2,4,6.5,5000,2,8
448.9,4,6.5,5000,2,8
430.1,4,6.5,5000,2,8
431.5,4,6.5,5000,2,8
413.5,4,6.5,5000,2,8
442.6,4,6.5,5000,2,8
428.2,4,6.5,5000,2,8
426.1,4,6.5,5000,2,8
401.6,4,6.5,5000,2,8
442.3,4,6.5,5000,2,8
404.8,4,6.5,5000,2,8
430.5,4,6.5,5000,2,8
438.2,4,6.5,5000,2,8
432.9,4,6.5,5000,2,8
414.1,4,6.5,5000,2,8
430.7,4,6.5,5000,2,8
445.2,4,6.5,5000,2,8
413.1,4,6.5,5000,2,8
435.1,4,6.5,5000,2,8
414.5,4,6.5,5000,2,8
404.2,4,6.5,5000,2,8
434.7,4,6.5,5000,2,8
444.0,4,6.5,5000,2,8
445.5,4,6.5,5000,2,8
410.7,4,6.5,5000,2,8
438.8,4,6.5,5000,2,8
406.5,4,6.5,5000,2,8
434.9,4,6.5,5000,2,8
429.9,4,6.5,5000,2,8
415.3,4,6.5,5000,2,8
428.8,4,6.5,5000,2,8
429.5,4,6.5,5000,2,8
436.1,4,6.5,5000,2,8
430.9,4,6.5,5000,2,8
437.6,4,6.5,5000,2,8
418.5,4,6.5,5000,2,8
411.6,4,6.5,5000,2,8
416.5,4,6.5,5000,2,8
444.1,4,6.5,5000,2,8
420.2,4,6.5,5000,2,8
418.1,4,6.5,5000,2,8
421.1,4,6.5,5000,2,8
422.5,4,6.5,5000,2,8
432.2,4,6.5,5000,2,8
401.5,4,6.5,5000,2,8
416.1,4,6.5,5000,2,8
404.6,4,6.5,5000,2,8
414.9,4,6.5,5000,2,8
417.8,4,6.5,5000,2,8
411.8,4,6.5,5000,2,8
429.8,4,6.5,5000,2,8
434.4,4,6.5,5000,2,8
442.3,4,6.5,5000,2,8
432.1,4,6.5,5000,2,8
415.3,4,6.5,5000,2,8
436.4,4,6.5,5000,2,8
434.9,4,6.5,5000,2,8
411.6,4,6.5,5000,2,8
423.9,4,6.5,5000,2,8
415.2,4,6.5,5000,2,8
402.7,4,6.5,5000,2,8
432.5,4,6.5,5000,2,8
401.8,4,6.5,5000,2,8
780.4,4,6.5,5000,2,8
711.8,4,6.5,5000,2,8
827.2,4,6.5,5000,2,8
743.6,4,6.5,5000,2,8
802.7,4,6.5,5000,2,8
709.5,4,6.5,5000,2,8
827.8,4,6.5,5000,2,8
798.1,4,6.5,5000,2,8
721.9,4,6.5,5000,2,8
837.5,4,6.5,5000,2,8
716.4,4,6.5,5000,2,8
758.9,4,6.5,5000,2,8
811.7,4,6.5,5000,2,8
746.0,4,6.5,5000,2,8
760.3,4,6.5,5000,2,8
706.7,4,6.5,5000,2,8
834.5,4,6.5,5000,2,8
739.2,4,6.5,5000,2,8
765.4,4,6.5,5000,2,8
822.7,4,6.5,5000,2,8
802.9,4,6.5,5000,2,8
808.2,4,6.5,5000,2,8
759.5,4,6.5,5000,2,8
823.8,4,6.5,5000,2,8
725.8,4,6.5,5000,2,8
748.9,4,6.5,5000,2,8
747.5,4,6.5,5000,2,8
835.7,4,6.5,5000,2,8
743.7,4,6.5,5000,2,8
722.3,4,6.5,5000,2,8
805.2,4,6.5,5000,2,8
727.1,4,6.5,5000,2,8
844.6,4,6.5,5000,2,8
746.2,4,6.5,5000,2,8
751.5,4,6.5,5000,2,8
737.0,4,6.5,5000,2,8
749.0,4,6.5,5000,2,8
757.5,4,6.5,5000,2,8
815.1,4,6.5,5000,2,8
823.3,4,6.5,5000,2,8
789.3,4,6.5,5000,2,8
722.9,4,6.5,5000,2,8
744.4,4,6.5,5000,2,8
757.7,4,6.5,5000,2,8
721.1,4,6.5,5000,2,8
816.3,4,6.5,5000,2,8
828.3,4,6.5,5000,2,8
799.4,4,6.5,5000,2,8
820.5,4,6.5,5000,2,8
710.1,4,6.5,5000,2,8
809.4,4,6.5,5000,2,8
725.2,4,6.5,5000,2,8
749.7,4,6.5,5000,2,8
716.6,4,6.5,5000,2,8
760.9,4,6.5,5000,2,8
711.7,4,6.5,5000,2,8
754.2,4,6.5,5000,2,8
829.4,4,6.5,5000,2,8
795.0,4,6.5,5000,2,8
833.7,4,6.5,5000,2,8
789.9,4,6.5,5000,2,8
823.1,4,6.5,5000,2,8
792.1,4,6.5,5000,2,8
787.2,8,6.6,5000,2.2,8
779.1,8,6.6,5000,2.2,8
787.7,8,6.6,5000,2.2,8
795.5,8,6.6,5000,2.2,8
760.9,8,6.6,5000,2.2,8
813.4,8,6.6,5000,2.2,8
754.8,8,6.6,5000,2.2,8
776.3,8,6.6,5000,2.2,8
803.0,8,6.6,5000,2.2,8
800.7,8,6.6,5000,2.2,8
806.5,8,6.6,5000,2.2,8
792.9,8,6.6,5000,2.2,8
779.4,8,6.6,5000,2.2,8
776.6,8,6.6,5000,2.2,8
754.9,8,6.6,5000,2.2,8
820.0,8,6.6,5000,2.2,8
785.5,8,6.6,5000,2.2,8
772.9,8,6.6,5000,2.2,8
758.7,8,6.6,5000,2.2,8
790.7,8,6.6,5000,2.2,8
765.4,8,6.6,5000,2.2,8
791.7,8,6.6,5000,2.2,8
784.6,8,6.6,5000,2.2,8
770.9,8,6.6,5000,2.2,8
816.5,8,6.6,5000,2.2,8
762.8,8,6.6,5000,2.2,8
782.3,8,6.6,5000,2.2,8
791.0,8,6.6,5000,2.2,8
772.0,8,6.6,5000,2.2,8
788.8,8,6.6,5000,2.2,8
760.8,8,6.6,5000,2.2,8
757.7,8,6.6,5000,2.2,8
763.3,8,6.6,5000,2.2,8
779.3,8,6.6,5000,2.2,8
765.8,8,6.6,5000,2.2,8
770.2,8,6.6,5000,2.2,8
795.4,8,6.6,5000,2.2,8
811.1,8,6.6,5000,2.2,8
791.9,8,6.6,5000,2.2,8
781.6,8,6.6,5000,2.2,8
798.4,8,6.6,5000,2.2,8
778.9,8,6.6,5000,2.2,8
778.0,8,6.6,5000,2.2,8
772.2,8,6.6,5000,2.2,8
778.5,8,6.6,5000,2.2,8
799.6,8,6.6,5000,2.2,8
804.9,8,6.6,5000,2.2,8
812.8,8,6.6,5000,2.2,8
799.2,8,6.6,5000,2.2,8
756.0,8,6.6,5000,2.2,8
806.8,8,6.6,5000,2.2,8
818.0,8,6.6,5000,2.2,8
795.1,8,6.6,5000,2.2,8
795.2,8,6.6,5000,2.2,8
802.2,8,6.6,5000,2.2,8
798.2,8,6.6,5000,2.2,8
791.1,8,6.6,5000,2.2,8
769.9,8,6.6,5000,2.2,8
812.3,8,6.6,5000,2.2,8
797.3,8,6.6,5000,2.2,8
778.3,8,6.6,5000,2.2,8
811.3,8,6.6,5000,2.2,8
812.9,8,6.6,5000,2.2,8
771.0,8,6.6,5000,2.2,8
614.7,8,6.6,5000,2.2,8
681.5,8,6.6,5000,2.2,8
696.2,8,6.6,5000,2.2,8
629.8,8,6.6,5000,2.2,8
658.1,8,6.6,5000,2.2,8
671.9,8,6.6,5000,2.2,8
638.7,8,6.6,5000,2.2,8
631.2,8,6.6,5000,2.2,8
681.3,8,6.6,5000,2.2,8
645.0,8,6.6,5000,2.2,8
635.9,8,6.6,5000,2.2,8
674.8,8,6.6,5000,2.2,8
645.8,8,6.6,5000,2.2,8
683.3,8,6.6,5000,2.2,8
609.9,8,6.6,5000,2.2,8
623.0,8,6.6,5000,2.2,8
695.8,8,6.6,5000,2.2,8
671.3,8,6.6,5000,2.2,8
628.7,8,6.6,5000,2.2,8
679.4,8,6.6,5000,2.2,8
643.6,8,6.6,5000,2.2,8
668.2,8,6.6,5000,2.2,8
625.6,8,6.6,5000,2.2,8
631.4,8,6.6,5000,2.2,8
618.3,8,6.6,5000,2.2,8
666.7,8,6.6,5000,2.2,8
692.4,8,6.6,5000,2.2,8
650.8,8,6.6,5000,2.2,8
693.9,8,6.6,5000,2.2,8
654.6,8,6.6,5000,2.2,8
646.9,8,6.6,5000,2.2,8
613.9,8,6.6,5000,2.2,8
650.5,8,6.6,5000,2.2,8
655.4,8,6.6,5000,2.2,8
612.6,8,6.6,5000,2.2,8
642.0,8,6.6,5000,2.2,8
660.5,8,6.6,5000,2.2,8
686.1,8,6.6,5000,2.2,8
668.9,8,6.6,5000,2.2,8
640.5,8,6.6,5000,2.2,8
606.8,8,6.6,5000,2.2,8
621.7,8,6.6,5000,2.2,8
624.7,8,6.6,5000,2.2,8
648.3,8,6.6,5000,2.2,8
664.4,8,6.6,5000,2.2,8
686.7,8,6.6,5000,2.2,8
608.2,8,6.6,5000,2.2,8
632.9,8,6.6,5000,2.2,8
662.6,8,6.6,5000,2.2,8
652.0,8,6.6,5000,2.2,8
620.9,8,6.6,5000,2.2,8
622.7,8,6.6,5000,2.2,8
649.1,8,6.6,5000,2.2,8
666.0,8,6.6,5000,2.2,8
682.8,8,6.6,5000,2.2,8
658.8,8,6.6,5000,2.2,8
647.3,8,6.6,5000,2.2,8
654.3,8,6.6,5000,2.2,8
657.2,8,6.6,5000,2.2,8
679.9,8,6.6,5000,2.2,8
619.6,8,6.6,5000,2.2,8
640.3,8,6.6,5000,2.2,8
634.8,8,6.6,5000,2.2,8
635.2,8,6.6,5000,2.2,8
657.8,8,6.6,5000,2.2,8
612.0,8,6.6,5000,2.2,8
680.5,8,6.6,5000,2.2,8
620.4,8,6.6,5000,2.2,8
654.7,8,6.6,5000,2.2,8
637.4,8,6.6,5000,2.2,8
641.6,8,6.6,5000,2.2,8
654.8,8,6.6,5000,2.2,8
649.3,8,6.6,5000,2.2,8
652.6,8,6.6,5000,2.2,8
620.1,8,6.6,5000,2.2,8
610.5,8,6.6,5000,2.2,8
636.0,8,6.6,5000,2.2,8
671.1,8,6.6,5000,2.2,8
651.3,8,6.6,5000,2.2,8
655.0,8,6.6,5000,2.2,8
646.1,8,6.6,5000,2.2,8
646.2,8,6.6,5000,2.2,8
672.4,8,6.6,5000,2.2,8
644.7,8,6.6,5000,2.2,8
661.6,8,6.6,5000,2.2,8
649.6,8,6.6,5000,2.2,8
642.3,8,6.6,5000,2.2,8
647.9,8,6.6,5000,2.2,8
649.9,8,6.6,5000,2.2,8
622.9,8,6.6,5000,2.2,8
629.0,8,6.6,5000,2.2,8
660.8,8,6.6,5000,2.2,8
633.3,8,6.6,5000,2.2,8
624.1,8,6.6,5000,2.2,8
650.2,8,6.6,5000,2.2,8
646.7,8,6.6,5000,2.2,8
628.3,8,6.6,5000,2.2,8
630.1,8,6.6,5000,2.2,8
643.0,8,6.6,5000,2.2,8
630.4,8,6.6,5000,2.2,8
656.5,8,6.6,5000,2.2,8
656.9,8,6.6,5000,2.2,8
656.1,8,6.6,5000,2.2,8
621.5,8,6.6,5000,2.2,8
628.0,8,6.6,5000,2.2,8
647.0,8,6.6,5000,2.2,8
612.4,8,6.6,5000,2.2,8
635.5,8,6.6,5000,2.2,8
658.5,8,6.6,5000,2.2,8
639.0,8,6.6,5000,2.2,8
637.1,8,6.6,5000,2.2,8
632.3,8,6.6,5000,2.2,8
652.5,8,6.6,5000,2.2,8
650.9,8,6.6,5000,2.2,8
627.5,8,6.6,5000,2.2,8
643.8,8,6.6,5000,2.2,8
638.3,8,6.6,5000,2.2,8
653.6,8,6.6,5000,2.2,8
614.1,8,6.6,5000,2.2,8
646.0,8,6.6,5000,2.2,8
646.3,8,6.6,5000,2.2,8
642.5,8,6.6,5000,2.2,8
639.7,8,6.6,5000,2.2,8
622.4,8,6.6,5000,2.2,8
621.7,8,6.6,5000,2.2,8
651.1,8,6.6,5000,2.2,8
637.8,8,6.6,5000,2.2,8
641.9,8,6.6,5000,2.2,8
626.6,8,6.6,5000,2.2,8
626.7,8,6.6,5000,2.2,8
622.7,8,6.6,5000,2.2,8
635.8,8,6.6,5000,2.2,8
623.9,8,6.6,5000,2.2,8
635.9,8,6.6,5000,2.2,8
650.9,8,6.6,5000,2.2,8
626.1,8,6.6,5000,2.2,8
631.3,8,6.6,5000,2.2,8
623.2,8,6.6,5000,2.2,8
619.7,8,6.6,5000,2.2,8
613.2,8,6.6,5000,2.2,8
636.3,8,6.6,5000,2.2,8
625.2,8,6.6,5000,2.2,8
649.9,8,6.6,5000,2.2,8
632.5,8,6.6,5000,2.2,8
642.2,8,6.6,5000,2.2,8
630.1,8,6.6,5000,2.2,8
646.3,8,6.6,5000,2.2,8
648.4,8,6.6,5000,2.2,8
633.9,8,6.6,5000,2.2,8
561.7,4,6.3,4000,2.2,8
477.9,4,6.3,4000,2.2,8
524.1,4,6.3,4000,2.2,8
572.9,4,6.3,4000,2.2,8
508.5,4,6.3,4000,2.2,8
523.4,4,6.3,4000,2.2,8
582.6,4,6.3,4000,2.2,8
593.7,4,6.3,4000,2.2,8
545.5,4,6.3,4000,2.2,8
478.7,4,6.3,4000,2.2,8
487.2,4,6.3,4000,2.2,8
592.4,4,6.3,4000,2.2,8
571.6,4,6.3,4000,2.2,8
499.3,4,6.3,4000,2.2,8
482.2,4,6.3,4000,2.2,8
503.8,4,6.3,4000,2.2,8
493.5,4,6.3,4000,2.2,8
498.4,4,6.3,4000,2.2,8
584.1,4,6.3,4000,2.2,8
571.9,4,6.3,4000,2.2,8
485.4,4,6.3,4000,2.2,8
568.8,4,6.3,4000,2.2,8
555.9,4,6.3,4000,2.2,8
499.1,4,6.3,4000,2.2,8
554.3,4,6.3,4000,2.2,8
482.8,4,6.3,4000,2.2,8
590.1,4,6.3,4000,2.2,8
585.8,4,6.3,4000,2.2,8
525.5,4,6.3,4000,2.2,8
483.3,4,6.3,4000,2.2,8
561.3,4,6.3,4000,2.2,8
573.2,4,6.3,4000,2.2,8
563.6,4,6.3,4000,2.2,8
558.2,4,6.3,4000,2.2,8
581.4,4,6.3,4000,2.2,8
493.8,4,6.3,4000,2.2,8
470.9,4,6.3,4000,2.2,8
562.7,4,6.3,4000,2.2,8
546.2,4,6.3,4000,2.2,8
521.3,4,6.3,4000,2.2,8
565.5,4,6.3,4000,2.2,8
556.3,4,6.3,4000,2.2,8
516.4,4,6.3,4000,2.2,8
497.9,4,6.3,4000,2.2,8
508.3,4,6.3,4000,2.2,8
483.7,4,6.3,4000,2.2,8
512.1,4,6.3,4000,2.2,8
566.8,4,6.3,4000,2.2,8
556.1,4,6.3,4000,2.2,8
542.8,4,6.3,4000,2.2,8
566.3,4,6.3,4000,2.2,8
542.1,4,6.3,4000,2.2,8
586.9,4,6.3,4000,2.2,8
583.2,4,6.3,4000,2.2,8
502.0,4,6.3,4000,2.2,8
520.2,4,6.3,4000,2.2,8
564.9,4,6.3,4000,2.2,8
514.0,4,6.3,4000,2.2,8
522.7,4,6.3,4000,2.2,8
552.9,4,6.3,4000,2.2,8
550.7,4,6.3,4000,2.2,8
577.7,4,6.3,4000,2.2,8
481.5,4,6.3,4000,2.2,8
507.5,4,6.3,4000,2.2,8
573.5,4,6.3,4000,2.2,8
515.2,4,6.3,4000,2.2,8
556.6,4,6.3,4000,2.2,8
568.5,4,6.3,4000,2.2,8
563.8,4,6.3,4000,2.2,8
545.8,4,6.3,4000,2.2,8
547.5,4,6.3,4000,2.2,8
542.7,4,6.3,4000,2.2,8
565.4,4,6.3,4000,2.2,8
518.5,4,6.3,4000,2.2,8
508.4,4,6.3,4000,2.2,8
518.6,4,6.3,4000,2.2,8
523.0,4,6.3,4000,2.2,8
548.6,4,6.3,4000,2.2,8
480.6,4,6.3,4000,2.2,8
552.3,4,6.3,4000,2.2,8
540.5,4,6.3,4000,2.2,8
566.2,4,6.3,4000,2.2,8
526.9,4,6.3,4000,2.2,8
561.0,4,6.3,4000,2.2,8
573.6,4,6.3,4000,2.2,8
523.4,4,6.3,4000,2.2,8
545.0,4,6.3,4000,2.2,8
509.6,4,6.3,4000,2.2,8
504.7,4,6.3,4000,2.2,8
539.2,4,6.3,4000,2.2,8
537.1,4,6.3,4000,2.2,8
528.2,4,6.3,4000,2.2,8
523.9,4,6.3,4000,2.2,8
557.5,4,6.3,4000,2.2,8
562.1,4,6.3,4000,2.2,8
513.7,4,6.3,4000,2.2,8
542.1,4,6.3,4000,2.2,8
550.5,4,6.3,4000,2.2,8
554.7,4,6.3,4000,2.2,8
521.6,4,6.3,4000,2.2,8
502.5,4,6.3,4000,2.2,8
508.7,4,6.3,4000,2.2,8
529.4,4,6.3,4000,2.2,8
493.9,4,6.3,4000,2.2,8
496.3,4,6.3,4000,2.2,8
533.3,4,6.3,4000,2.2,8
527.8,4,6.3,4000,2.2,8
543.6,4,6.3,4000,2.2,8
554.2,4,6.3,4000,2.2,8
546.3,4,6.3,4000,2.2,8
535.8,4,6.3,4000,2.2,8
500.8,4,6.3,4000,2.2,8
508.6,4,6.3,4000,2.2,8
506.1,4,6.3,4000,2.2,8
531.9,4,6.3,4000,2.2,8
520.3,4,6.3,4000,2.2,8
510.1,4,6.3,4000,2.2,8
536.3,4,6.3,4000,2.2,8
529.2,4,6.3,4000,2.2,8
530.8,4,6.3,4000,2.2,8
521.5,4,6.3,4000,2.2,8
528.9,4,6.3,4000,2.2,8
502.3,4,6.3,4000,2.2,8
527.4,4,6.3,4000,2.2,8
526.7,4,6.3,4000,2.2,8
504.2,4,6.3,4000,2.2,8
547.1,4,6.3,4000,2.2,8
504.4,4,6.3,4000,2.2,8
543.7,4,6.3,4000,2.2,8
536.8,4,6.3,4000,2.2,8
514.8,4,6.3,4000,2.2,8
504.9,4,6.3,4000,2.2,8
532.9,4,6.3,4000,2.2,8
513.9,4,6.3,4000,2.2,8
523.0,4,6.3,4000,2.2,8
539.9,4,6.3,4000,2.2,8
514.4,4,6.3,4000,2.2,8
793.6,8,6.6,5020,2.3,8
783.9,8,6.6,5020,2.3,8
761.2,8,6.6,5020,2.3,8
781.0,8,6.6,5020,2.3,8
799.4,8,6.6,5020,2.3,8
742.5,8,6.6,5020,2.3,8
798.3,8,6.6,5020,2.3,8
723.1,8,6.6,5020,2.3,8
707.8,8,6.6,5020,2.3,8
775.4,8,6.6,5020,2.3,8
785.7,8,6.6,5020,2.3,8
744.0,8,6.6,5020,2.3,8
781.8,8,6.6,5020,2.3,8
716.4,8,6.6,5020,2.3,8
715.2,8,6.6,5020,2.3,8
733.0,8,6.6,5020,2.3,8
752.9,8,6.6,5020,2.3,8
799.1,8,6.6,5020,2.3,8
732.3,8,6.6,5020,2.3,8
711.1,8,6.6,5020,2.3,8
757.7,8,6.6,5020,2.3,8
794.4,8,6.6,5020,2.3,8
796.8,8,6.6,5020,2.3,8
736.7,8,6.6,5020,2.3,8
742.7,8,6.6,5020,2.3,8
749.2,8,6.6,5020,2.3,8
732.6,8,6.6,5020,2.3,8
733.4,8,6.6,5020,2.3,8
730.7,8,6.6,5020,2.3,8
732.9,8,6.6,5020,2.3,8
787.9,8,6.6,5020,2.3,8
798.7,8,6.6,5020,2.3,8
719.4,8,6.6,5020,2.3,8
727.8,8,6.6,5020,2.3,8
722.3,8,6.6,5020,2.3,8
753.3,8,6.6,5020,2.3,8
711.7,8,6.6,5020,2.3,8
732.1,8,6.6,5020,2.3,8
719.8,8,6.6,5020,2.3,8
754.8,8,6.6,5020,2.3,8
725.7,8,6.6,5020,2.3,8
719.9,8,6.6,5020,2.3,8
735.5,8,6.6,5020,2.3,8
786.2,8,6.6,5020,2.3,8
783.7,8,6.6,5020,2.3,8
772.3,8,6.6,5020,2.3,8
787.4,8,6.6,5020,2.3,8
771.7,8,6.6,5020,2.3,8
774.4,8,6.6,5020,2.3,8
781.4,8,6.6,5020,2.3,8
720.1,8,6.6,5020,2.3,8
748.3,8,6.6,5020,2.3,8
713.8,8,6.6,5020,2.3,8
757.1,8,6.6,5020,2.3,8
775.8,8,6.6,5020,2.3,8
769.8,8,6.6,5020,2.3,8
794.1,8,6.6,5020,2.3,8
770.6,8,6.6,5020,2.3,8
785.1,8,6.6,5020,2.3,8
797.1,8,6.6,5020,2.3,8
756.2,8,6.6,5020,2.3,8
794.7,8,6.6,5020,2.3,8
769.4,8,6.6,5020,2.3,8
745.4,8,6.6,5020,2.3,8
730.2,8,6.6,5020,2.3,8
740.5,8,6.6,5020,2.3,8
795.9,8,6.6,5020,2.3,8
785.3,8,6.6,5020,2.3,8
769.2,8,6.6,5020,2.3,8
791.3,8,6.6,5020,2.3,8
791.8,8,6.6,5020,2.3,8
733.8,8,6.6,5020,2.3,8
779.4,8,6.6,5020,2.3,8
746.5,8,6.6,5020,2.3,8
789.8,8,6.6,5020,2.3,8
726.9,8,6.6,5020,2.3,8
778.6,8,6.6,5020,2.3,8
769.1,8,6.6,5020,2.3,8
563.8,8,6.6,5000,2.6,8
478.7,8,6.6,5000,2.6,8
524.6,8,6.6,5000,2.6,8
571.0,8,6.6,5000,2.6,8
573.9,8,6.6,5000,2.6,8
516.5,8,6.6,5000,2.6,8
538.1,8,6.6,5000,2.6,8
554.6,8,6.6,5000,2.6,8
473.6,8,6.6,5000,2.6,8
506.2,8,6.6,5000,2.6,8
588.9,8,6.6,5000,2.6,8
595.7,8,6.6,5000,2.6,8
586.0,8,6.6,5000,2.6,8
456.3,8,6.6,5000,2.6,8
462.7,8,6.6,5000,2.6,8
591.1,8,6.6,5000,2.6,8
573.3,8,6.6,5000,2.6,8
513.9,8,6.6,5000,2.6,8
439.0,8,6.6,5000,2.6,8
550.9,8,6.6,5000,2.6,8
593.4,8,6.6,5000,2.6,8
582.4,8,6.6,5000,2.6,8
542.2,8,6.6,5000,2.6,8
511.8,8,6.6,5000,2.6,8
503.4,8,6.6,5000,2.6,8
591.6,8,6.6,5000,2.6,8
459.1,8,6.6,5000,2.6,8
450.8,8,6.6,5000,2.6,8
517.1,8,6.6,5000,2.6,8
587.6,8,6.6,5000,2.6,8
512.9,8,6.6,5000,2.6,8
484.1,8,6.6,5000,2.6,8
502.0,8,6.6,5000,2.6,8
536.9,8,6.6,5000,2.6,8
541.4,8,6.6,5000,2.6,8
474.7,8,6.6,5000,2.6,8
482.9,8,6.6,5000,2.6,8
457.4,8,6.6,5000,2.6,8
565.3,8,6.6,5000,2.6,8
508.3,8,6.6,5000,2.6,8
523.0,8,6.6,5000,2.6,8
500.5,8,6.6,5000,2.6,8
473.9,8,6.6,5000,2.6,8
541.9,8,6.6,5000,2.6,8
572.3,8,6.6,5000,2.6,8
488.4,8,6.6,5000,2.6,8
461.5,8,6.6,5000,2.6,8
507.5,8,6.6,5000,2.6,8
542.7,8,6.6,5000,2.6,8
566.7,8,6.6,5000,2.6,8
551.2,8,6.6,5000,2.6,8
480.0,8,6.6,5000,2.6,8
528.4,8,6.6,5000,2.6,8
496.8,8,6.6,5000,2.6,8
584.3,8,6.6,5000,2.6,8
467.1,8,6.6,5000,2.6,8
521.6,8,6.6,5000,2.6,8
559.7,8,6.6,5000,2.6,8
543.0,8,6.6,5000,2.6,8
568.9,8,6.6,5000,2.6,8
470.2,8,6.6,5000,2.6,8
501.2,8,6.6,5000,2.6,8
546.2,8,6.6,5000,2.6,8
545.4,8,6.6,5000,2.6,8
463.2,8,6.6,5000,2.6,8
465.4,8,6.6,5000,2.6,8
589.0,8,6.6,5000,2.6,8
573.5,8,6.6,5000,2.6,8
499.1,8,6.6,5000,2.6,8
495.4,8,6.6,5000,2.6,8
469.2,8,6.6,5000,2.6,8
513.6,8,6.6,5000,2.6,8
582.1,8,6.6,5000,2.6,8
505.3,8,6.6,5000,2.6,8
521.3,8,6.6,5000,2.6,8
474.3,8,6.6,5000,2.6,8
522.8,8,6.6,5000,2.6,8
501.8,8,6.6,5000,2.6,8
569.6,8,6.6,5000,2.6,8
514.2,8,6.6,5000,2.6,8
523.6,8,6.6,5000,2.6,8
506.7,8,6.6,5000,2.6,8
563.1,8,6.6,5000,2.6,8
516.3,8,6.6,5000,2.6,8
507.5,8,6.6,5000,2.6,8
561.6,8,6.6,5000,2.6,8
480.4,8,6.6,5000,2.6,8
486.5,8,6.6,5000,2.6,8
510.7,8,6.6,5000,2.6,8
569.9,8,6.6,5000,2.6,8
523.3,8,6.6,5000,2.6,8
506.2,8,6.6,5000,2.6,8
551.1,8,6.6,5000,2.6,8
578.2,8,6.6,5000,2.6,8
523.9,8,6.6,5000,2.6,8
473.1,8,6.6,5000,2.6,8
579.8,8,6.6,5000,2.6,8
540.5,8,6.6,5000,2.6,8
530.9,8,6.6,5000,2.6,8
582.4,8,6.6,5000,2.6,8
554.9,8,6.6,5000,2.6,8
586.8,8,6.6,5000,2.6,8
565.8,8,6.6,5000,2.6,8
584.2,8,6.6,5000,2.6,8
498.5,8,6.6,5000,2.6,8
547.4,8,6.6,5000,2.6,8
525.6,8,6.6,5000,2.6,8
515.2,8,6.6,5000,2.6,8
525.7,8,6.6,5000,2.6,8
563.0,8,6.6,5000,2.6,8
519.3,8,6.6,5000,2.6,8
540.3,8,6.6,5000,2.6,8
478.9,8,6.6,5000,2.6,8
549.7,8,6.6,5000,2.6,8
517.1,8,6.6,5000,2.6,8
529.7,8,6.6,5000,2.6,8
481.5,8,6.6,5000,2.6,8
497.3,8,6.6,5000,2.6,8
563.7,8,6.6,5000,2.6,8
551.6,8,6.6,5000,2.6,8
500.4,8,6.6,5000,2.6,8
511.8,8,6.6,5000,2.6,8
552.5,8,6.6,5000,2.6,8
580.9,8,6.6,5000,2.6,8
559.8,8,6.6,5000,2.6,8
539.3,8,6.6,5000,2.6,8
523.4,8,6.6,5000,2.6,8
582.9,8,6.6,5000,2.6,8
580.5,8,6.6,5000,2.6,8
521.0,8,6.6,5000,2.6,8
557.3,8,6.6,5000,2.6,8
555.5,8,6.6,5000,2.6,8
493.9,8,6.6,5000,2.6,8
576.1,8,6.6,5000,2.6,8
504.1,8,6.6,5000,2.6,8
564.6,8,6.6,5000,2.6,8
565.4,8,6.6,5000,2.6,8
519.7,8,6.6,5000,2.6,8
515.8,8,6.6,5000,2.6,8
580.3,8,6.6,5000,2.6,8
544.9,8,6.6,5000,2.6,8
524.8,8,6.6,5000,2.6,8
507.1,8,6.6,5000,2.6,8
544.5,8,6.6,5000,2.6,8
544.0,8,6.6,5000,2.6,8
541.2,8,6.6,5000,2.6,8
539.8,8,6.6,5000,2.6,8
522.0,8,6.6,5000,2.6,8
481.6,8,6.6,5000,2.6,8
532.7,8,6.6,5000,2.6,8
580.7,8,6.6,5000,2.6,8
499.0,8,6.6,5000,2.6,8
542.1,8,6.6,5000,2.6,8
542.3,8,6.6,5000,2.6,8
510.4,8,6.6,5000,2.6,8
515.7,8,6.6,5000,2.6,8
544.8,8,6.6,5000,2.6,8
481.4,8,6.6,5000,2.6,8
539.6,8,6.6,5000,2.6,8
551.3,8,6.5,4500,2.4,8
583.2,8,6.5,4500,2.4,8
479.1,8,6.5,4500,2.4,8
514.7,8,6.5,4500,2.4,8
575.8,8,6.5,4500,2.4,8
554.6,8,6.5,4500,2.4,8
501.4,8,6.5,4500,2.4,8
556.2,8,6.5,4500,2.4,8
569.7,8,6.5,4500,2.4,8
507.9,8,6.5,4500,2.4,8
487.2,8,6.5,4500,2.4,8
590.4,8,6.5,4500,2.4,8
520.3,8,6.5,4500,2.4,8
563.9,8,6.5,4500,2.4,8
556.1,8,6.5,4500,2.4,8
589.0,8,6.5,4500,2.4,8
536.3,8,6.5,4500,2.4,8
594.7,8,6.5,4500,2.4,8
495.5,8,6.5,4500,2.4,8
464.9,8,6.5,4500,2.4,8
579.8,8,6.5,4500,2.4,8
551.4,8,6.5,4500,2.4,8
511.6,8,6.5,4500,2.4,8
482.2,8,6.5,4500,2.4,8
544.0,8,6.5,4500,2.4,8
498.5,8,6.5,4500,2.4,8
592.3,8,6.5,4500,2.4,8
513.9,8,6.5,4500,2.4,8
571.2,8,6.5,4500,2.4,8
481.1,8,6.5,4500,2.4,8
570.2,8,6.5,4500,2.4,8
490.7,8,6.5,4500,2.4,8
467.6,8,6.5,4500,2.4,8
536.8,8,6.5,4500,2.4,8
504.9,8,6.5,4500,2.4,8
562.6,8,6.5,4500,2.4,8
579.3,8,6.5,4500,2.4,8
589.7,8,6.5,4500,2.4,8
498.6,8,6.5,4500,2.4,8
571.8,8,6.5,4500,2.4,8
561.0,8,6.5,4500,2.4,8
500.8,8,6.5,4500,2.4,8
495.1,8,6.5,4500,2.4,8
590.9,8,6.5,4500,2.4,8
571.9,8,6.5,4500,2.4,8
543.6,8,6.5,4500,2.4,8
484.6,8,6.5,4500,2.4,8
482.4,8,6.5,4500,2.4,8
529.8,8,6.5,4500,2.4,8
541.9,8,6.5,4500,2.4,8
579.4,8,6.5,4500,2.4,8
589.2,8,6.5,4500,2.4,8
525.5,8,6.5,4500,2.4,8
497.4,8,6.5,4500,2.4,8
517.8,8,6.5,4500,2.4,8
524.1,8,6.5,4500,2.4,8
584.1,8,6.5,4500,2.4,8
512.7,8,6.5,4500,2.4,8
576.0,8,6.5,4500,2.4,8
550.5,8,6.5,4500,2.4,8
523.1,8,6.5,4500,2.4,8
588.6,8,6.5,4500,2.4,8
578.7,8,6.5,4500,2.4,8
490.3,8,6.5,4500,2.4,8
590.5,8,6.5,4500,2.4,8
584.7,8,6.5,4500,2.4,8
532.2,8,6.5,4500,2.4,8
557.5,8,6.5,4500,2.4,8
563.3,8,6.5,4500,2.4,8
533.8,8,6.5,4500,2.4,8
489.6,8,6.5,4500,2.4,8
512.5,8,6.5,4500,2.4,8
485.8,8,6.5,4500,2.4,8
497.6,8,6.5,4500,2.4,8
586.4,8,6.5,4500,2.4,8
504.1,8,6.5,4500,2.4,8
522.2,8,6.5,4500,2.4,8
530.7,8,6.5,4500,2.4,8
550.7,8,6.5,4500,2.4,8
540.4,8,6.5,4500,2.4,8
493.2,8,6.5,4500,2.4,8
553.7,8,6.5,4500,2.4,8
487.5,8,6.5,4500,2.4,8
572.2,8,6.5,4500,2.4,8
546.3,8,6.5,4500,2.4,8
547.4,8,6.5,4500,2.4,8
578.1,8,6.5,4500,2.4,8
517.3,8,6.5,4500,2.4,8
565.6,8,6.5,4500,2.4,8
573.1,8,6.5,4500,2.4,8
523.2,8,6.5,4500,2.4,8
505.0,8,6.5,4500,2.4,8
549.0,8,6.5,4500,2.4,8
537.2,8,6.5,4500,2.4,8
586.1,8,6.5,4500,2.4,8
497.9,8,6.5,4500,2.4,8
514.1,8,6.5,4500,2.4,8
530.5,8,6.5,4500,2.4,8
506.3,8,6.5,4500,2.4,8
521.6,8,6.5,4500,2.4,8
574.7,8,6.5,4500,2.4,8
564.4,8,6.5,4500,2.4,8
558.9,8,6.5,4500,2.4,8
590.6,8,6.5,4500,2.4,8
559.1,8,6.5,4500,2.4,8
520.2,8,6.5,4500,2.4,8
522.4,8,6.5,4500,2.4,8
577.9,8,6.5,4500,2.4,8
582.5,8,6.5,4500,2.4,8
533.6,8,6.5,4500,2.4,8
496.9,8,6.5,4500,2.4,8
519.2,8,6.5,4500,2.4,8
551.5,8,6.5,4500,2.4,8
552.0,8,6.5,4500,2.4,8
564.7,8,6.5,4500,2.4,8
524.4,8,6.5,4500,2.4,8
551.6,8,6.5,4500,2.4,8
551.7,8,6.5,4500,2.4,8
501.1,8,6.5,4500,2.4,8
590.7,8,6.5,4500,2.4,8
557.2,8,6.5,4500,2.4,8
548.6,8,6.5,4500,2.4,8
589.2,8,6.5,4500,2.4,8
511.8,8,6.5,4500,2.4,8
558.3,8,6.5,4500,2.4,8
552.6,8,6.5,4500,2.4,8
552.9,8,6.5,4500,2.4,8
505.9,8,6.5,4500,2.4,8
505.1,8,6.5,4500,2.4,8
567.3,8,6.5,4500,2.4,8
523.4,8,6.5,4500,2.4,8
546.1,8,6.5,4500,2.4,8
503.2,8,6.5,4500,2.4,8
588.8,8,6.5,4500,2.4,8
517.7,8,6.5,4500,2.4,8
511.9,8,6.5,4500,2.4,8
517.5,8,6.5,4500,2.4,8
563.2,8,6.5,4500,2.4,8
516.3,8,6.5,4500,2.4,8
577.2,8,6.5,4500,2.4,8
508.1,8,6.5,4500,2.4,8
548.2,8,6.5,4500,2.4,8
509.5,8,6.5,4500,2.4,8
532.5,8,6.5,4500,2.4,8
521.2,8,6.5,4500,2.4,8
545.5,8,6.5,4500,2.4,8
545.7,8,6.5,4500,2.4,8
590.8,8,6.5,4500,2.4,8
557.1,8,6.5,4500,2.4,8
540.0,8,6.5,4500,2.4,8
523.7,8,6.5,4500,2.4,8
588.3,8,6.5,4500,2.4,8
552.2,8,6.5,4500,2.4,8
581.4,8,6.5,4500,2.4,8
563.4,8,6.5,4500,2.4,8
504.4,8,6.5,4500,2.4,8
589.8,8,6.5,4500,2.4,8
577.8,8,6.5,4500,2.4,8
563.5,8,6.5,4500,2.4,8
525.9,8,6.5,4500,2.4,8
528.7,3,5.6,3000,1.6,8
533.2,3,5.6,3000,1.6,8
508.4,3,5.6,3000,1.6,8
517.6,3,5.6,3000,1.6,8
530.1,3,5.6,3000,1.6,8
556.3,3,5.6,3000,1.6,8
577.9,3,5.6,3000,1.6,8
573.2,3,5.6,3000,1.6,8
517.2,3,5.6,3000,1.6,8
582.5,3,5.6,3000,1.6,8
507.8,3,5.6,3000,1.6,8
592.1,3,5.6,3000,1.6,8
547.9,3,5.6,3000,1.6,8
565.4,3,5.6,3000,1.6,8
513.2,3,5.6,3000,1.6,8
527.0,3,5.6,3000,1.6,8
537.9,3,5.6,3000,1.6,8
517.8,3,5.6,3000,1.6,8
545.3,3,5.6,3000,1.6,8
519.1,3,5.6,3000,1.6,8
579.8,3,5.6,3000,1.6,8
559.6,3,5.6,3000,1.6,8
566.7,3,5.6,3000,1.6,8
591.2,3,5.6,3000,1.6,8
526.1,3,5.6,3000,1.6,8
562.8,3,5.6,3000,1.6,8
549.0,3,5.6,3000,1.6,8
576.5,3,5.6,3000,1.6,8
590.5,3,5.6,3000,1.6,8
587.6,3,5.6,3000,1.6,8
592.8,3,5.6,3000,1.6,8
529.7,3,5.6,3000,1.6,8
554.1,3,5.6,3000,1.6,8
527.9,3,5.6,3000,1.6,8
547.6,3,5.6,3000,1.6,8
533.4,3,5.6,3000,1.6,8
508.7,3,5.6,3000,1.6,8
571.5,3,5.6,3000,1.6,8
516.1,3,5.6,3000,1.6,8
529.2,3,5.6,3000,1.6,8
502.0,3,5.6,3000,1.6,8
516.4,3,5.6,3000,1.6,8
580.3,3,5.6,3000,1.6,8
559.1,3,5.6,3000,1.6,8
583.4,3,5.6,3000,1.6,8
518.4,3,5.6,3000,1.6,8
586.0,3,5.6,3000,1.6,8
518.9,3,5.6,3000,1.6,8
591.6,3,5.6,3000,1.6,8
529.9,3,5.6,3000,1.6,8
556.7,3,5.6,3000,1.6,8
580.7,3,5.6,3000,1.6,8
555.5,3,5.6,3000,1.6,8
561.3,3,5.6,3000,1.6,8
523.3,3,5.6,3000,1.6,8
530.7,3,5.6,3000,1.6,8
579.1,3,5.6,3000,1.6,8
588.9,3,5.6,3000,1.6,8
588.1,3,5.6,3000,1.6,8
590.3,3,5.6,3000,1.6,8
520.3,3,5.6,3000,1.6,8
511.8,3,5.6,3000,1.6,8
503.7,3,5.6,3000,1.6,8
550.1,3,5.6,3000,1.6,8
548.7,3,5.6,3000,1.6,8
506.1,3,5.6,3000,1.6,8
566.2,3,5.6,3000,1.6,8
517.2,3,5.6,3000,1.6,8
521.8,3,5.6,3000,1.6,8
503.9,3,5.6,3000,1.6,8
538.7,3,5.6,3000,1.6,8
505.6,3,5.6,3000,1.6,8
582.6,3,5.6,3000,1.6,8
517.9,3,5.6,3000,1.6,8
522.5,3,5.6,3000,1.6,8
527.6,3,5.6,3000,1.6,8
538.0,3,5.6,3000,1.6,8
537.7,3,5.6,3000,1.6,8
542.3,3,5.6,3000,1.6,8
555.7,3,5.6,3000,1.6,8
529.6,3,5.6,3000,1.6,8
520.2,3,5.6,3000,1.6,8
520.7,3,5.6,3000,1.6,8
570.7,3,5.6,3000,1.6,8
546.3,3,5.6,3000,1.6,8
578.3,3,5.6,3000,1.6,8
539.3,3,5.6,3000,1.6,8
530.4,3,5.6,3000,1.6,8
534.3,3,5.6,3000,1.6,8
509.4,3,5.6,3000,1.6,8
553.5,3,5.6,3000,1.6,8
547.2,3,5.6,3000,1.6,8
546.7,3,5.6,3000,1.6,8
545.9,3,5.6,3000,1.6,8
545.5,3,5.6,3000,1.6,8
508.9,3,5.6,3000,1.6,8
561.7,3,5.6,3000,1.6,8
570.9,3,5.6,3000,1.6,8
564.4,3,5.6,3000,1.6,8
532.3,3,5.6,3000,1.6,8
571.1,3,5.6,3000,1.6,8
532.5,3,5.6,3000,1.6,8
563.1,3,5.6,3000,1.6,8
575.4,3,5.6,3000,1.6,8
563.9,3,5.6,3000,1.6,8
560.4,3,5.6,3000,1.6,8
531.7,3,5.6,3000,1.6,8
547.8,3,5.6,3000,1.6,8
554.3,3,5.6,3000,1.6,8
521.2,3,5.6,3000,1.6,8
533.8,3,5.6,3000,1.6,8
578.1,3,5.6,3000,1.6,8
523.7,3,5.6,3000,1.6,8
546.8,3,5.6,3000,1.6,8
529.5,3,5.6,3000,1.6,8
565.7,3,5.6,3000,1.6,8
512.3,3,5.6,3000,1.6,8
523.5,3,5.6,3000,1.6,8
548.4,3,5.6,3000,1.6,8
564.3,3,5.6,3000,1.6,8
550.0,3,5.6,3000,1.6,8
557.2,3,5.6,3000,1.6,8
503.2,3,5.6,3000,1.6,8
563.8,3,5.6,3000,1.6,8
552.6,3,5.6,3000,1.6,8
570.1,3,5.6,3000,1.6,8
545.4,3,5.6,3000,1.6,8
564.0,3,5.6,3000,1.6,8
516.6,3,5.6,3000,1.6,8
550.3,3,5.6,3000,1.6,8
517.8,3,5.6,3000,1.6,8
521.3,3,5.6,3000,1.6,8
508.6,3,5.6,3000,1.6,8
514.2,3,5.6,3000,1.6,8
530.2,3,5.6,3000,1.6,8
503.6,3,5.6,3000,1.6,8
559.8,3,5.6,3000,1.6,8
514.0,3,5.6,3000,1.6,8
511.3,3,5.6,3000,1.6,8
527.9,3,5.6,3000,1.6,8
530.7,3,5.6,3000,1.6,8
563.6,3,5.6,3000,1.6,8
552.9,3,5.6,3000,1.6,8
533.7,3,5.6,3000,1.6,8
529.9,3,5.6,3000,1.6,8
507.3,3,5.6,3000,1.6,8
518.7,3,5.6,3000,1.6,8
528.0,3,5.6,3000,1.6,8
506.2,3,5.6,3000,1.6,8
520.0,3,5.6,3000,1.6,8
513.8,3,5.6,3000,1.6,8
565.2,3,5.6,3000,1.6,8
534.9,3,5.6,3000,1.6,8
519.7,3,5.6,3000,1.6,8
549.4,3,5.6,3000,1.6,8
561.5,3,5.6,3000,1.6,8
528.8,3,5.6,3000,1.6,8
532.8,3,5.6,3000,1.6,8
563.3,3,5.6,3000,1.6,8
512.7,3,5.6,3000,1.6,8
520.4,4,6.5,5000,2,8
547.9,4,6.5,5000,2,8
495.2,4,6.5,5000,2,8
470.8,4,6.5,5000,2,8
490.7,4,6.5,5000,2,8
586.1,4,6.5,5000,2,8
487.1,4,6.5,5000,2,8
536.2,4,6.5,5000,2,8
481.3,4,6.5,5000,2,8
518.6,4,6.5,5000,2,8
594.7,4,6.5,5000,2,8
481.9,4,6.5,5000,2,8
467.8,4,6.5,5000,2,8
499.1,4,6.5,5000,2,8
467.4,4,6.5,5000,2,8
563.5,4,6.5,5000,2,8
480.2,4,6.5,5000,2,8
564.4,4,6.5,5000,2,8
526.1,4,6.5,5000,2,8
473.3,4,6.5,5000,2,8
480.1,4,6.5,5000,2,8
589.2,4,6.5,5000,2,8
522.4,4,6.5,5000,2,8
486.9,4,6.5,5000,2,8
459.6,4,6.5,5000,2,8
495.7,4,6.5,5000,2,8
570.8,4,6.5,5000,2,8
486.6,4,6.5,5000,2,8
555.1,4,6.5,5000,2,8
457.3,4,6.5,5000,2,8
470.1,4,6.5,5000,2,8
483.8,4,6.5,5000,2,8
592.0,4,6.5,5000,2,8
585.7,4,6.5,5000,2,8
584.4,4,6.5,5000,2,8
582.2,4,6.5,5000,2,8
484.2,4,6.5,5000,2,8
546.9,4,6.5,5000,2,8
538.1,4,6.5,5000,2,8
579.0,4,6.5,5000,2,8
583.3,4,6.5,5000,2,8
497.5,4,6.5,5000,2,8
481.7,4,6.5,5000,2,8
457.2,4,6.5,5000,2,8
513.0,4,6.5,5000,2,8
532.6,4,6.5,5000,2,8
584.6,4,6.5,5000,2,8
506.2,4,6.5,5000,2,8
591.5,4,6.5,5000,2,8
536.9,4,6.5,5000,2,8
553.4,4,6.5,5000,2,8
494.3,4,6.5,5000,2,8
482.0,4,6.5,5000,2,8
588.5,4,6.5,5000,2,8
536.1,4,6.5,5000,2,8
473.7,4,6.5,5000,2,8
503.9,4,6.5,5000,2,8
490.6,4,6.5,5000,2,8
504.6,4,6.5,5000,2,8
461.9,4,6.5,5000,2,8
470.7,4,6.5,5000,2,8
564.5,4,6.5,5000,2,8
572.8,4,6.5,5000,2,8
541.8,4,6.5,5000,2,8
526.5,4,6.5,5000,2,8
470.0,4,6.5,5000,2,8
493.8,4,6.5,5000,2,8
556.3,4,6.5,5000,2,8
502.3,4,6.5,5000,2,8
554.0,4,6.5,5000,2,8
590.3,4,6.5,5000,2,8
504.1,4,6.5,5000,2,8
578.9,4,6.5,5000,2,8
516.9,4,6.5,5000,2,8
511.7,4,6.5,5000,2,8
532.8,4,6.5,5000,2,8
552.3,4,6.5,5000,2,8
575.0,4,6.5,5000,2,8
580.4,4,6.5,5000,2,8
538.7,4,6.5,5000,2,8
502.6,4,6.5,5000,2,8
577.7,4,6.5,5000,2,8
482.6,4,6.5,5000,2,8
533.4,4,6.5,5000,2,8
547.1,4,6.5,5000,2,8
582.8,4,6.5,5000,2,8
533.3,4,6.5,5000,2,8
485.3,4,6.5,5000,2,8
567.2,4,6.5,5000,2,8
512.5,4,6.5,5000,2,8
555.7,4,6.5,5000,2,8
479.8,4,6.5,5000,2,8
580.2,4,6.5,5000,2,8
502.2,4,6.5,5000,2,8
521.7,4,6.5,5000,2,8
491.7,4,6.5,5000,2,8
552.6,4,6.5,5000,2,8
565.9,4,6.5,5000,2,8
567.7,4,6.5,5000,2,8
541.6,4,6.5,5000,2,8
574.1,4,6.5,5000,2,8
553.2,4,6.5,5000,2,8
544.7,4,6.5,5000,2,8
496.5,4,6.5,5000,2,8
546.7,4,6.5,5000,2,8
511.3,4,6.5,5000,2,8
548.5,4,6.5,5000,2,8
578.6,4,6.5,5000,2,8
501.4,4,6.5,5000,2,8
560.2,4,6.5,5000,2,8
488.9,4,6.5,5000,2,8
532.4,4,6.5,5000,2,8
536.5,4,6.5,5000,2,8
551.6,4,6.5,5000,2,8
556.0,4,6.5,5000,2,8
508.6,4,6.5,5000,2,8
559.2,4,6.5,5000,2,8
577.4,4,6.5,5000,2,8
510.4,4,6.5,5000,2,8
553.9,4,6.5,5000,2,8
566.5,4,6.5,5000,2,8
539.6,4,6.5,5000,2,8
528.2,4,6.5,5000,2,8
504.7,4,6.5,5000,2,8
515.0,4,6.5,5000,2,8
530.5,4,6.5,5000,2,8
586.6,4,6.5,5000,2,8
493.9,4,6.5,5000,2,8
534.5,4,6.5,5000,2,8
579.7,4,6.5,5000,2,8
540.5,4,6.5,5000,2,8
502.5,4,6.5,5000,2,8
516.2,4,6.5,5000,2,8
506.4,4,6.5,5000,2,8
560.6,4,6.5,5000,2,8
578.7,4,6.5,5000,2,8
510.9,4,6.5,5000,2,8
553.1,4,6.5,5000,2,8
564.9,4,6.5,5000,2,8
540.0,4,6.5,5000,2,8
536.6,4,6.5,5000,2,8
542.3,4,6.5,5000,2,8
528.6,4,6.5,5000,2,8
501.1,4,6.5,5000,2,8
488.5,4,6.5,5000,2,8
574.6,4,6.5,5000,2,8
579.2,4,6.5,5000,2,8
501.3,4,6.5,5000,2,8
555.0,4,6.5,5000,2,8
503.8,4,6.5,5000,2,8
580.8,4,6.5,5000,2,8
574.4,4,6.5,5000,2,8
504.4,4,6.5,5000,2,8
539.0,4,6.5,5000,2,8
525.7,4,6.5,5000,2,8
493.4,4,6.5,5000,2,8
581.3,4,6.5,5000,2,8
582.9,4,6.5,5000,2,8
560.7,4,6.5,5000,2,8
521.4,4,6.5,5000,2,8
536.0,4,6.5,5000,2,8
507.4,4,6.5,5000,2,8
588.3,4,6.5,5000,2,8
595.5,6,6.4,6000,2.3,8
594.7,6,6.4,6000,2.3,8
454.8,6,6.4,6000,2.3,8
460.3,6,6.4,6000,2.3,8
513.6,6,6.4,6000,2.3,8
591.2,6,6.4,6000,2.3,8
485.1,6,6.4,6000,2.3,8
594.1,6,6.4,6000,2.3,8
500.2,6,6.4,6000,2.3,8
581.7,6,6.4,6000,2.3,8
573.6,6,6.4,6000,2.3,8
460.5,6,6.4,6000,2.3,8
561.8,6,6.4,6000,2.3,8
455.7,6,6.4,6000,2.3,8
546.3,6,6.4,6000,2.3,8
556.8,6,6.4,6000,2.3,8
499.1,6,6.4,6000,2.3,8
586.9,6,6.4,6000,2.3,8
579.2,6,6.4,6000,2.3,8
455.9,6,6.4,6000,2.3,8
595.7,6,6.4,6000,2.3,8
590.4,6,6.4,6000,2.3,8
558.1,6,6.4,6000,2.3,8
556.4,6,6.4,6000,2.3,8
473.2,6,6.4,6000,2.3,8
458.9,6,6.4,6000,2.3,8
504.3,6,6.4,6000,2.3,8
476.5,6,6.4,6000,2.3,8
545.8,6,6.4,6000,2.3,8
583.5,6,6.4,6000,2.3,8
565.1,6,6.4,6000,2.3,8
587.2,6,6.4,6000,2.3,8
493.7,6,6.4,6000,2.3,8
501.4,6,6.4,6000,2.3,8
568.7,6,6.4,6000,2.3,8
591.0,6,6.4,6000,2.3,8
496.8,6,6.4,6000,2.3,8
491.3,6,6.4,6000,2.3,8
491.8,6,6.4,6000,2.3,8
485.7,6,6.4,6000,2.3,8
584.0,6,6.4,6000,2.3,8
549.3,6,6.4,6000,2.3,8
477.8,6,6.4,6000,2.3,8
489.2,6,6.4,6000,2.3,8
461.2,6,6.4,6000,2.3,8
488.5,6,6.4,6000,2.3,8
558.3,6,6.4,6000,2.3,8
554.2,6,6.4,6000,2.3,8
568.9,6,6.4,6000,2.3,8
537.9,6,6.4,6000,2.3,8
569.8,6,6.4,6000,2.3,8
584.7,6,6.4,6000,2.3,8
489.5,6,6.4,6000,2.3,8
568.1,6,6.4,6000,2.3,8
548.7,6,6.4,6000,2.3,8
561.2,6,6.4,6000,2.3,8
473.4,6,6.4,6000,2.3,8
591.4,6,6.4,6000,2.3,8
493.0,6,6.4,6000,2.3,8
456.7,6,6.4,6000,2.3,8
484.2,6,6.4,6000,2.3,8
572.6,6,6.4,6000,2.3,8
482.3,6,6.4,6000,2.3,8
571.1,6,6.4,6000,2.3,8
469.2,6,6.4,6000,2.3,8
573.3,6,6.4,6000,2.3,8
485.6,6,6.4,6000,2.3,8
584.3,6,6.4,6000,2.3,8
498.4,6,6.4,6000,2.3,8
578.5,6,6.4,6000,2.3,8
576.4,6,6.4,6000,2.3,8
574.1,6,6.4,6000,2.3,8
497.1,6,6.4,6000,2.3,8
552.3,6,6.4,6000,2.3,8
581.5,6,6.4,6000,2.3,8
554.9,6,6.4,6000,2.3,8
499.7,6,6.4,6000,2.3,8
497.6,6,6.4,6000,2.3,8
459.4,6,6.4,6000,2.3,8
497.0,6,6.4,6000,2.3,8
455.6,6,6.4,6000,2.3,8
582.8,6,6.4,6000,2.3,8
568.7,6,6.4,6000,2.3,8
552.4,6,6.4,6000,2.3,8
541.3,6,6.4,6000,2.3,8
566.8,6,6.4,6000,2.3,8
545.9,6,6.4,6000,2.3,8
546.8,6,6.4,6000,2.3,8
468.7,6,6.4,6000,2.3,8
554.6,6,6.4,6000,2.3,8
556.3,6,6.4,6000,2.3,8
500.6,6,6.4,6000,2.3,8
558.5,6,6.4,6000,2.3,8
580.2,6,6.4,6000,2.3,8
547.7,6,6.4,6000,2.3,8
466.8,6,6.4,6000,2.3,8
550.0,6,6.4,6000,2.3,8
530.4,6,6.4,6000,2.3,8
552.1,6,6.4,6000,2.3,8
466.1,6,6.4,6000,2.3,8
459.9,6,6.4,6000,2.3,8
496.0,6,6.4,6000,2.3,8
478.3,6,6.4,6000,2.3,8
473.7,6,6.4,6000,2.3,8
463.9,6,6.4,6000,2.3,8
574.9,6,6.4,6000,2.3,8
543.1,6,6.4,6000,2.3,8
493.7,6,6.4,6000,2.3,8
541.5,6,6.4,6000,2.3,8
584.8,6,6.4,6000,2.3,8
499.3,6,6.4,6000,2.3,8
536.4,6,6.4,6000,2.3,8
555.5,6,6.4,6000,2.3,8
575.8,6,6.4,6000,2.3,8
471.5,6,6.4,6000,2.3,8
490.8,6,6.4,6000,2.3,8
593.2,6,6.4,6000,2.3,8
471.4,6,6.4,6000,2.3,8
594.5,6,6.4,6000,2.3,8
546.4,6,6.4,6000,2.3,8
524.1,6,6.4,6000,2.3,8
563.6,6,6.4,6000,2.3,8
545.3,6,6.4,6000,2.3,8
554.2,6,6.4,6000,2.3,8
539.5,6,6.4,6000,2.3,8
532.8,6,6.4,6000,2.3,8
548.9,6,6.4,6000,2.3,8
499.7,6,6.4,6000,2.3,8
580.5,6,6.4,6000,2.3,8
466.9,6,6.4,6000,2.3,8
551.7,6,6.4,6000,2.3,8
530.8,6,6.4,6000,2.3,8
573.1,6,6.4,6000,2.3,8
532.2,6,6.4,6000,2.3,8
593.8,6,6.4,6000,2.3,8
539.2,6,6.4,6000,2.3,8
566.9,6,6.4,6000,2.3,8
467.7,6,6.4,6000,2.3,8
580.2,6,6.4,6000,2.3,8
550.3,6,6.4,6000,2.3,8
540.9,6,6.4,6000,2.3,8
455.4,6,6.4,6000,2.3,8
485.6,6,6.4,6000,2.3,8
342.5,8,6.4,4500,2.9,8
318.6,8,6.4,4500,2.9,8
389.2,8,6.4,4500,2.9,8
326.7,8,6.4,4500,2.9,8
359.8,8,6.4,4500,2.9,8
378.1,8,6.4,4500,2.9,8
364.9,8,6.4,4500,2.9,8
387.4,8,6.4,4500,2.9,8
320.5,8,6.4,4500,2.9,8
358.7,8,6.4,4500,2.9,8
374.3,8,6.4,4500,2.9,8
397.8,8,6.4,4500,2.9,8
325.6,8,6.4,4500,2.9,8
333.9,8,6.4,4500,2.9,8
395.6,8,6.4,4500,2.9,8
338.4,8,6.4,4500,2.9,8
390.2,8,6.4,4500,2.9,8
354.7,8,6.4,4500,2.9,8
362.5,8,6.4,4500,2.9,8
324.6,8,6.4,4500,2.9,8
394.5,8,6.4,4500,2.9,8
324.1,8,6.4,4500,2.9,8
370.9,8,6.4,4500,2.9,8
331.7,8,6.4,4500,2.9,8
346.8,8,6.4,4500,2.9,8
365.7,8,6.4,4500,2.9,8
353.0,8,6.4,4500,2.9,8
378.9,8,6.4,4500,2.9,8
385.6,8,6.4,4500,2.9,8
341.3,8,6.4,4500,2.9,8
397.4,8,6.4,4500,2.9,8
317.6,8,6.4,4500,2.9,8
371.4,8,6.4,4500,2.9,8
398.0,8,6.4,4500,2.9,8
397.2,8,6.4,4500,2.9,8
342.7,8,6.4,4500,2.9,8
338.2,8,6.4,4500,2.9,8
384.9,8,6.4,4500,2.9,8
368.5,8,6.4,4500,2.9,8
369.1,8,6.4,4500,2.9,8
393.4,8,6.4,4500,2.9,8
347.9,8,6.4,4500,2.9,8
328.3,8,6.4,4500,2.9,8
397.1,8,6.4,4500,2.9,8
393.0,8,6.4,4500,2.9,8
319.4,8,6.4,4500,2.9,8
351.6,8,6.4,4500,2.9,8
377.8,8,6.4,4500,2.9,8
365.8,8,6.4,4500,2.9,8
387.2,8,6.4,4500,2.9,8
346.5,8,6.4,4500,2.9,8
352.1,8,6.4,4500,2.9,8
316.2,8,6.4,4500,2.9,8
356.7,8,6.4,4500,2.9,8
363.4,8,6.4,4500,2.9,8
399.0,8,6.4,4500,2.9,8
357.1,8,6.4,4500,2.9,8
347.2,8,6.4,4500,2.9,8
364.2,8,6.4,4500,2.9,8
369.7,8,6.4,4500,2.9,8
381.3,8,6.4,4500,2.9,8
385.9,8,6.4,4500,2.9,8
378.7,8,6.4,4500,2.9,8
399.2,8,6.4,4500,2.9,8
337.9,8,6.4,4500,2.9,8
359.7,8,6.4,4500,2.9,8
354.0,8,6.4,4500,2.9,8
382.1,8,6.4,4500,2.9,8
397.6,8,6.4,4500,2.9,8
319.3,8,6.4,4500,2.9,8
385.0,8,6.4,4500,2.9,8
337.2,8,6.4,4500,2.9,8
346.3,8,6.4,4500,2.9,8
394.6,8,6.4,4500,2.9,8
387.7,8,6.4,4500,2.9,8
392.9,8,6.4,4500,2.9,8
393.1,8,6.4,4500,2.9,8
373.8,8,6.4,4500,2.9,8
356.3,8,6.4,4500,2.9,8
330.6,8,6.4,4500,2.9,8
387.6,8,6.4,4500,2.9,8
331.5,8,6.4,4500,2.9,8
392.1,8,6.4,4500,2.9,8
390.5,8,6.4,4500,2.9,8
331.8,8,6.4,4500,2.9,8
319.8,8,6.4,4500,2.9,8
356.1,8,6.4,4500,2.9,8
318.3,8,6.4,4500,2.9,8
350.2,8,6.4,4500,2.9,8
343.7,8,6.4,4500,2.9,8
390.4,8,6.4,4500,2.9,8
358.3,8,6.4,4500,2.9,8
336.7,8,6.4,4500,2.9,8
328.9,8,6.4,4500,2.9,8
374.1,8,6.4,4500,2.9,8
342.9,8,6.4,4500,2.9,8
395.4,8,6.4,4500,2.9,8
322.6,8,6.4,4500,2.9,8
348.2,8,6.4,4500,2.9,8
331.0,8,6.4,4500,2.9,8
387.0,8,6.4,4500,2.9,8
396.8,8,6.4,4500,2.9,8
332.1,8,6.4,4500,2.9,8
329.6,8,6.4,4500,2.9,8
394.3,8,6.4,4500,2.9,8
365.9,8,6.4,4500,2.9,8
385.2,8,6.4,4500,2.9,8
348.4,8,6.4,4500,2.9,8
399.1,8,6.4,4500,2.9,8
389.5,8,6.4,4500,2.9,8
338.7,8,6.4,4500,2.9,8
396.1,8,6.4,4500,2.9,8
327.5,8,6.4,4500,2.9,8
376.2,8,6.4,4500,2.9,8
361.7,8,6.4,4500,2.9,8
363.8,8,6.4,4500,2.9,8
324.2,8,6.4,4500,2.9,8
360.4,8,6.4,4500,2.9,8
334.5,8,6.4,4500,2.9,8
365.6,8,6.4,4500,2.9,8
324.9,8,6.4,4500,2.9,8
365.3,8,6.4,4500,2.9,8
361.4,8,6.4,4500,2.9,8
337.1,8,6.4,4500,2.9,8
352.4,8,6.4,4500,2.9,8
341.6,8,6.4,4500,2.9,8
394.4,8,6.4,4500,2.9,8
388.3,8,6.4,4500,2.9,8
331.1,8,6.4,4500,2.9,8
391.3,8,6.4,4500,2.9,8
363.3,8,6.4,4500,2.9,8
377.9,8,6.4,4500,2.9,8
377.7,8,6.4,4500,2.9,8
330.0,8,6.4,4500,2.9,8
349.9,8,6.4,4500,2.9,8
328.3,1,5,2500,1.6,8
387.2,1,5,2500,1.6,8
375.8,1,5,2500,1.6,8
369.6,1,5,2500,1.6,8
325.5,1,5,2500,1.6,8
392.1,1,5,2500,1.6,8
398.4,1,5,2500,1.6,8
377.3,1,5,2500,1.6,8
325.9,1,5,2500,1.6,8
375.7,1,5,2500,1.6,8
348.0,1,5,2500,1.6,8
321.9,1,5,2500,1.6,8
341.7,1,5,2500,1.6,8
337.4,1,5,2500,1.6,8
359.2,1,5,2500,1.6,8
366.9,1,5,2500,1.6,8
331.5,1,5,2500,1.6,8
354.2,1,5,2500,1.6,8
396.9,1,5,2500,1.6,8
335.8,1,5,2500,1.6,8
366.1,1,5,2500,1.6,8
320.9,1,5,2500,1.6,8
353.6,1,5,2500,1.6,8
381.5,1,5,2500,1.6,8
345.2,1,5,2500,1.6,8
351.3,1,5,2500,1.6,8
365.2,1,5,2500,1.6,8
342.5,1,5,2500,1.6,8
343.9,1,5,2500,1.6,8
330.5,1,5,2500,1.6,8
351.7,1,5,2500,1.6,8
321.6,1,5,2500,1.6,8
387.7,1,5,2500,1.6,8
367.3,1,5,2500,1.6,8
356.5,1,5,2500,1.6,8
326.1,1,5,2500,1.6,8
398.8,1,5,2500,1.6,8
390.3,1,5,2500,1.6,8
356.7,1,5,2500,1.6,8
341.1,1,5,2500,1.6,8
320.5,1,5,2500,1.6,8
331.1,1,5,2500,1.6,8
346.8,1,5,2500,1.6,8
381.9,1,5,2500,1.6,8
360.3,1,5,2500,1.6,8
346.3,1,5,2500,1.6,8
366.4,1,5,2500,1.6,8
362.9,1,5,2500,1.6,8
394.6,1,5,2500,1.6,8
393.4,1,5,2500,1.6,8
349.3,1,5,2500,1.6,8
355.4,1,5,2500,1.6,8
345.9,1,5,2500,1.6,8
392.8,1,5,2500,1.6,8
372.2,1,5,2500,1.6,8
332.7,1,5,2500,1.6,8
394.5,1,5,2500,1.6,8
397.1,1,5,2500,1.6,8
340.2,1,5,2500,1.6,8
322.3,1,5,2500,1.6,8
334.5,1,5,2500,1.6,8
363.7,1,5,2500,1.6,8
388.2,1,5,2500,1.6,8
338.8,1,5,2500,1.6,8
378.7,1,5,2500,1.6,8
482.1,4,6.8,5000,2,8
468.3,4,6.8,5000,2,8
458.9,4,6.8,5000,2,8
496.7,4,6.8,5000,2,8
481.0,4,6.8,5000,2,8
459.8,4,6.8,5000,2,8
483.4,4,6.8,5000,2,8
465.7,4,6.8,5000,2,8
481.5,4,6.8,5000,2,8
475.2,4,6.8,5000,2,8
470.6,4,6.8,5000,2,8
472.1,4,6.8,5000,2,8
487.3,4,6.8,5000,2,8
463.9,4,6.8,5000,2,8
471.4,4,6.8,5000,2,8
497.2,4,6.8,5000,2,8
490.6,4,6.8,5000,2,8
464.7,4,6.8,5000,2,8
458.3,4,6.8,5000,2,8
462.0,4,6.8,5000,2,8
454.8,4,6.8,5000,2,8
469.2,4,6.8,5000,2,8
480.4,4,6.8,5000,2,8
485.7,4,6.8,5000,2,8
467.1,4,6.8,5000,2,8
488.9,4,6.8,5000,2,8
487.5,4,6.8,5000,2,8
467.8,4,6.8,5000,2,8
497.6,4,6.8,5000,2,8
481.8,4,6.8,5000,2,8
497.1,4,6.8,5000,2,8
476.5,4,6.8,5000,2,8
470.2,4,6.8,5000,2,8
493.2,4,6.8,5000,2,8
494.1,4,6.8,5000,2,8
471.0,4,6.8,5000,2,8
496.9,4,6.8,5000,2,8
498.7,4,6.8,5000,2,8
462.6,4,6.8,5000,2,8
483.9,4,6.8,5000,2,8
475.8,4,6.8,5000,2,8
454.3,4,6.8,5000,2,8
490.1,4,6.8,5000,2,8
465.0,4,6.8,5000,2,8
494.9,4,6.8,5000,2,8
495.6,4,6.8,5000,2,8
486.2,4,6.8,5000,2,8
476.8,4,6.8,5000,2,8
491.4,4,6.8,5000,2,8
476.4,4,6.8,5000,2,8
490.7,4,6.8,5000,2,8
497.8,4,6.8,5000,2,8
499.0,4,6.8,5000,2,8
465.4,4,6.8,5000,2,8
459.4,4,6.8,5000,2,8
482.5,4,6.8,5000,2,8
466.1,4,6.8,5000,2,8
458.6,4,6.8,5000,2,8
487.9,4,6.8,5000,2,8
491.7,4,6.8,5000,2,8
460.8,4,6.8,5000,2,8
467.4,4,6.8,5000,2,8
495.1,4,6.8,5000,2,8
474.6,4,6.8,5000,2,8
454.5,4,6.8,5000,2,8
488.1,4,6.8,5000,2,8
471.9,4,6.8,5000,2,8
452.8,4,6.8,5000,2,8
458.1,4,6.8,5000,2,8
496.8,4,6.8,5000,2,8
474.5,4,6.8,5000,2,8
459.2,4,6.8,5000,2,8
474.7,4,6.8,5000,2,8
499.5,4,6.8,5000,2,8
481.7,4,6.8,5000,2,8
487.9,4,6.8,5000,2,8
464.2,4,6.8,5000,2,8
465.1,4,6.8,5000,2,8
466.6,4,6.8,5000,2,8
460.5,4,6.8,5000,2,8
485.2,4,6.8,5000,2,8
484.6,4,6.8,5000,2,8
496.3,4,6.8,5000,2,8
467.9,4,6.8,5000,2,8
490.6,4,6.8,5000,2,8
468.2,4,6.8,5000,2,8
496.9,4,6.8,5000,2,8
465.3,4,6.8,5000,2,8
475.4,4,6.8,5000,2,8
474.8,4,6.8,5000,2,8
490.7,4,6.8,5000,2,8
477.1,4,6.8,5000,2,8
497.0,4,6.8,5000,2,8
481.2,4,6.8,5000,2,8
479.5,4,6.8,5000,2,8
497.6,4,6.8,5000,2,8
496.3,4,6.8,5000,2,8
463.0,4,6.8,5000,2,8
476.2,4,6.8,5000,2,8
482.1,4,6.8,5000,2,8
480.9,4,6.8,5000,2,8
463.7,4,6.8,5000,2,8
468.5,4,6.8,5000,2,8
497.4,4,6.8,5000,2,8
465.6,4,6.8,5000,2,8
497.6,4,6.8,5000,2,8
491.2,4,6.8,5000,2,8
488.9,4,6.8,5000,2,8
470.4,4,6.8,5000,2,8
459.0,4,6.8,5000,2,8
491.7,4,6.8,5000,2,8
472.3,4,6.8,5000,2,8
493.7,4,6.8,5000,2,8
497.9,4,6.8,5000,2,8
491.5,4,6.8,5000,2,8
468.4,4,6.8,5000,2,8
466.8,4,6.8,5000,2,8
486.7,4,6.8,5000,2,8
470.0,4,6.8,5000,2,8
491.8,4,6.8,5000,2,8
461.3,4,6.8,5000,2,8
497.3,4,6.8,5000,2,8
480.1,4,6.8,5000,2,8
476.0,4,6.8,5000,2,8
488.4,4,6.8,5000,2,8
465.8,4,6.8,5000,2,8
581.2,6,6.5,5000,2.4,8
611.9,6,6.5,5000,2.4,8
565.4,6,6.5,5000,2.4,8
618.3,6,6.5,5000,2.4,8
560.7,6,6.5,5000,2.4,8
554.8,6,6.5,5000,2.4,8
597.2,6,6.5,5000,2.4,8
642.7,6,6.5,5000,2.4,8
626.1,6,6.5,5000,2.4,8
563.0,6,6.5,5000,2.4,8
595.9,6,6.5,5000,2.4,8
561.6,6,6.5,5000,2.4,8
626.3,6,6.5,5000,2.4,8
598.1,6,6.5,5000,2.4,8
634.9,6,6.5,5000,2.4,8
631.2,6,6.5,5000,2.4,8
598.3,6,6.5,5000,2.4,8
598.5,6,6.5,5000,2.4,8
636.4,6,6.5,5000,2.4,8
613.6,6,6.5,5000,2.4,8
578.1,6,6.5,5000,2.4,8
576.4,6,6.5,5000,2.4,8
581.9,6,6.5,5000,2.4,8
619.6,6,6.5,5000,2.4,8
566.8,6,6.5,5000,2.4,8
560.1,6,6.5,5000,2.4,8
570.2,6,6.5,5000,2.4,8
636.0,6,6.5,5000,2.4,8
603.5,6,6.5,5000,2.4,8
566.3,6,6.5,5000,2.4,8
618.7,6,6.5,5000,2.4,8
556.2,6,6.5,5000,2.4,8
583.7,6,6.5,5000,2.4,8
650.0,6,6.5,5000,2.4,8
631.5,6,6.5,5000,2.4,8
611.1,6,6.5,5000,2.4,8
562.3,6,6.5,5000,2.4,8
635.3,6,6.5,5000,2.4,8
639.4,6,6.5,5000,2.4,8
583.9,6,6.5,5000,2.4,8
600.8,6,6.5,5000,2.4,8
559.6,6,6.5,5000,2.4,8
581.6,6,6.5,5000,2.4,8
600.5,6,6.5,5000,2.4,8
625.1,6,6.5,5000,2.4,8
561.9,6,6.5,5000,2.4,8
631.9,6,6.5,5000,2.4,8
589.8,6,6.5,5000,2.4,8
616.9,6,6.5,5000,2.4,8
563.2,6,6.5,5000,2.4,8
573.7,6,6.5,5000,2.4,8
620.7,6,6.5,5000,2.4,8
590.4,6,6.5,5000,2.4,8
623.9,6,6.5,5000,2.4,8
614.2,6,6.5,5000,2.4,8
641.6,6,6.5,5000,2.4,8
591.1,6,6.5,5000,2.4,8
600.1,6,6.5,5000,2.4,8
562.7,6,6.5,5000,2.4,8
589.0,6,6.5,5000,2.4,8
367.4,6,6.4,4000,2.2,8
388.7,6,6.4,4000,2.2,8
374.9,6,6.4,4000,2.2,8
399.5,6,6.4,4000,2.2,8
354.0,6,6.4,4000,2.2,8
354.5,6,6.4,4000,2.2,8
359.3,6,6.4,4000,2.2,8
377.8,6,6.4,4000,2.2,8
391.7,6,6.4,4000,2.2,8
369.8,6,6.4,4000,2.2,8
378.7,6,6.4,4000,2.2,8
362.6,6,6.4,4000,2.2,8
386.9,6,6.4,4000,2.2,8
355.6,6,6.4,4000,2.2,8
368.5,6,6.4,4000,2.2,8
394.1,6,6.4,4000,2.2,8
393.4,6,6.4,4000,2.2,8
353.3,6,6.4,4000,2.2,8
356.4,6,6.4,4000,2.2,8
370.7,6,6.4,4000,2.2,8
371.9,6,6.4,4000,2.2,8
363.9,6,6.4,4000,2.2,8
390.5,6,6.4,4000,2.2,8
362.2,6,6.4,4000,2.2,8
364.9,6,6.4,4000,2.2,8
371.1,6,6.4,4000,2.2,8
388.0,6,6.4,4000,2.2,8
380.3,6,6.4,4000,2.2,8
365.9,6,6.4,4000,2.2,8
390.9,6,6.4,4000,2.2,8
398.1,6,6.4,4000,2.2,8
365.1,6,6.4,4000,2.2,8
388.3,6,6.4,4000,2.2,8
355.9,6,6.4,4000,2.2,8
387.5,6,6.4,4000,2.2,8
394.8,6,6.4,4000,2.2,8
359.9,6,6.4,4000,2.2,8
377.6,6,6.4,4000,2.2,8
368.8,6,6.4,4000,2.2,8
363.5,6,6.4,4000,2.2,8
389.6,6,6.4,4000,2.2,8
363.8,6,6.4,4000,2.2,8
371.7,6,6.4,4000,2.2,8
386.3,6,6.4,4000,2.2,8
359.7,6,6.4,4000,2.2,8
365.3,6,6.4,4000,2.2,8
384.1,6,6.4,4000,2.2,8
359.5,6,6.4,4000,2.2,8
362.8,6,6.4,4000,2.2,8
393.8,6,6.4,4000,2.2,8
396.3,6,6.4,4000,2.2,8
382.2,6,6.4,4000,2.2,8
368.0,6,6.4,4000,2.2,8
367.7,6,6.4,4000,2.2,8
393.0,6,6.4,4000,2.2,8
360.2,6,6.4,4000,2.2,8
358.7,6,6.4,4000,2.2,8
363.4,6,6.4,4000,2.2,8
386.6,6,6.4,4000,2.2,8
373.3,6,6.4,4000,2.2,8
354.3,6,6.4,4000,2.2,8
378.1,6,6.4,4000,2.2,8
366.5,6,6.4,4000,2.2,8
380.7,6,6.4,4000,2.2,8
386.2,6,6.4,4000,2.2,8
375.3,6,6.4,4000,2.2,8
375.1,6,6.4,4000,2.2,8
357.7,6,6.4,4000,2.2,8
358.5,6,6.4,4000,2.2,8
385.5,6,6.4,4000,2.2,8
359.4,6,6.4,4000,2.2,8
360.7,6,6.4,4000,2.2,8
388.6,6,6.4,4000,2.2,8
354.8,6,6.4,4000,2.2,8
356.5,6,6.4,4000,2.2,8
387.4,6,6.4,4000,2.2,8




